,video_path,slp_path,n_tracks,n_frames,image_height,image_width,min_detections,max_detections,avg_detections,total_detections,dataset_folder,split,domain,dataset
0,./lysosomes/train/11-1.mp4,./lysosomes/train/11-1.slp,15,500,250,250,5.0,8.0,6.124,3062.0,./lysosomes/train,train,microscopy,Lysosomes
1,./lysosomes/train/7-1.mp4,./lysosomes/train/7-1.slp,6,200,250,250,5.0,6.0,5.975,1195.0,./lysosomes/train,train,microscopy,Lysosomes
2,./lysosomes/train/9-3.mp4,./lysosomes/train/9-3.slp,8,500,250,250,1.0,4.0,2.244,1122.0,./lysosomes/train,train,microscopy,Lysosomes
3,./lysosomes/val/7-3.mp4,./lysosomes/val/7-3.slp,3,200,250,250,2.0,3.0,2.995,599.0,./lysosomes/val,val,microscopy,Lysosomes
4,./lysosomes/test/11-2.mp4,./lysosomes/test/11-2.slp,18,500,250,250,4.0,8.0,6.432,3216.0,./lysosomes/test,test,microscopy,Lysosomes
5,./lysosomes/test/7-2.mp4,./lysosomes/test/7-2.slp,5,200,250,250,1.0,4.0,3.01,602.0,./lysosomes/test,test,microscopy,Lysosomes
6,./lysosomes/test/8-1.mp4,./lysosomes/test/8-1.slp,3,250,250,250,2.0,3.0,2.308,577.0,./lysosomes/test,test,microscopy,Lysosomes
7,./lysosomes/test/8-2.mp4,./lysosomes/test/8-2.slp,3,250,250,250,1.0,2.0,1.212,303.0,./lysosomes/test,test,microscopy,Lysosomes
8,./lysosomes/test/8-3.mp4,./lysosomes/test/8-3.slp,2,250,250,250,1.0,1.0,1.0,200.0,./lysosomes/test,test,microscopy,Lysosomes
9,./lysosomes/test/9-1.mp4,./lysosomes/test/9-1.slp,22,500,250,250,2.0,7.0,4.18,2090.0,./lysosomes/test,test,microscopy,Lysosomes
10,./lysosomes/test/9-2.mp4,./lysosomes/test/9-2.slp,14,500,250,250,3.0,7.0,4.622,2311.0,./lysosomes/test,test,microscopy,Lysosomes
11,./DynamicNuclearNet-tracking-v1_0/train/train_0.mp4,./DynamicNuclearNet-tracking-v1_0/train/train_0.slp,46,42,592,608,38.0,42.0,39.95238095238095,1678.0,./DynamicNuclearNet-tracking-v1_0/train,train,microscopy,Dynamic Nuclear Net
12,./DynamicNuclearNet-tracking-v1_0/train/train_1.mp4,./DynamicNuclearNet-tracking-v1_0/train/train_1.slp,36,42,592,608,25.0,31.0,26.73809523809524,1123.0,./DynamicNuclearNet-tracking-v1_0/train,train,microscopy,Dynamic Nuclear Net
13,./DynamicNuclearNet-tracking-v1_0/train/train_10.mp4,./DynamicNuclearNet-tracking-v1_0/train/train_10.slp,45,42,592,608,31.0,37.0,34.88095238095238,1465.0,./DynamicNuclearNet-tracking-v1_0/train,train,microscopy,Dynamic Nuclear Net
14,./DynamicNuclearNet-tracking-v1_0/train/train_11.mp4,./DynamicNuclearNet-tracking-v1_0/train/train_11.slp,45,42,592,608,34.0,39.0,35.642857142857146,1497.0,./DynamicNuclearNet-tracking-v1_0/train,train,microscopy,Dynamic Nuclear Net
15,./DynamicNuclearNet-tracking-v1_0/train/train_12.mp4,./DynamicNuclearNet-tracking-v1_0/train/train_12.slp,24,42,592,608,20.0,24.0,22.09523809523809,928.0,./DynamicNuclearNet-tracking-v1_0/train,train,microscopy,Dynamic Nuclear Net
16,./DynamicNuclearNet-tracking-v1_0/train/train_13.mp4,./DynamicNuclearNet-tracking-v1_0/train/train_13.slp,69,42,592,608,55.0,61.0,56.97619047619048,2393.0,./DynamicNuclearNet-tracking-v1_0/train,train,microscopy,Dynamic Nuclear Net
17,./DynamicNuclearNet-tracking-v1_0/train/train_14.mp4,./DynamicNuclearNet-tracking-v1_0/train/train_14.slp,33,42,592,608,26.0,29.0,27.80952380952381,1168.0,./DynamicNuclearNet-tracking-v1_0/train,train,microscopy,Dynamic Nuclear Net
18,./DynamicNuclearNet-tracking-v1_0/train/train_15.mp4,./DynamicNuclearNet-tracking-v1_0/train/train_15.slp,34,42,592,608,26.0,30.0,28.09523809523809,1180.0,./DynamicNuclearNet-tracking-v1_0/train,train,microscopy,Dynamic Nuclear Net
19,./DynamicNuclearNet-tracking-v1_0/train/train_16.mp4,./DynamicNuclearNet-tracking-v1_0/train/train_16.slp,36,42,592,608,23.0,29.0,25.80952380952381,1084.0,./DynamicNuclearNet-tracking-v1_0/train,train,microscopy,Dynamic Nuclear Net
20,./DynamicNuclearNet-tracking-v1_0/train/train_17.mp4,./DynamicNuclearNet-tracking-v1_0/train/train_17.slp,26,42,592,608,22.0,24.0,22.976190476190474,965.0,./DynamicNuclearNet-tracking-v1_0/train,train,microscopy,Dynamic Nuclear Net
21,./DynamicNuclearNet-tracking-v1_0/train/train_18.mp4,./DynamicNuclearNet-tracking-v1_0/train/train_18.slp,27,42,592,608,22.0,24.0,23.047619047619047,968.0,./DynamicNuclearNet-tracking-v1_0/train,train,microscopy,Dynamic Nuclear Net
22,./DynamicNuclearNet-tracking-v1_0/train/train_19.mp4,./DynamicNuclearNet-tracking-v1_0/train/train_19.slp,42,42,592,608,33.0,37.0,34.45238095238095,1447.0,./DynamicNuclearNet-tracking-v1_0/train,train,microscopy,Dynamic Nuclear Net
23,./DynamicNuclearNet-tracking-v1_0/train/train_2.mp4,./DynamicNuclearNet-tracking-v1_0/train/train_2.slp,21,42,592,608,15.0,18.0,16.571428571428573,696.0,./DynamicNuclearNet-tracking-v1_0/train,train,microscopy,Dynamic Nuclear Net
24,./DynamicNuclearNet-tracking-v1_0/train/train_20.mp4,./DynamicNuclearNet-tracking-v1_0/train/train_20.slp,52,42,592,608,40.0,45.0,42.71428571428572,1794.0,./DynamicNuclearNet-tracking-v1_0/train,train,microscopy,Dynamic Nuclear Net
25,./DynamicNuclearNet-tracking-v1_0/train/train_21.mp4,./DynamicNuclearNet-tracking-v1_0/train/train_21.slp,31,42,592,608,28.0,29.0,28.45238095238096,1195.0,./DynamicNuclearNet-tracking-v1_0/train,train,microscopy,Dynamic Nuclear Net
26,./DynamicNuclearNet-tracking-v1_0/train/train_22.mp4,./DynamicNuclearNet-tracking-v1_0/train/train_22.slp,32,42,592,608,31.0,32.0,31.73809523809524,1333.0,./DynamicNuclearNet-tracking-v1_0/train,train,microscopy,Dynamic Nuclear Net
27,./DynamicNuclearNet-tracking-v1_0/train/train_23.mp4,./DynamicNuclearNet-tracking-v1_0/train/train_23.slp,40,42,592,608,31.0,35.0,33.357142857142854,1401.0,./DynamicNuclearNet-tracking-v1_0/train,train,microscopy,Dynamic Nuclear Net
28,./DynamicNuclearNet-tracking-v1_0/train/train_24.mp4,./DynamicNuclearNet-tracking-v1_0/train/train_24.slp,32,42,592,608,28.0,31.0,29.52380952380953,1240.0,./DynamicNuclearNet-tracking-v1_0/train,train,microscopy,Dynamic Nuclear Net
29,./DynamicNuclearNet-tracking-v1_0/train/train_25.mp4,./DynamicNuclearNet-tracking-v1_0/train/train_25.slp,24,42,592,608,22.0,24.0,22.642857142857142,951.0,./DynamicNuclearNet-tracking-v1_0/train,train,microscopy,Dynamic Nuclear Net
30,./DynamicNuclearNet-tracking-v1_0/train/train_26.mp4,./DynamicNuclearNet-tracking-v1_0/train/train_26.slp,17,42,592,608,12.0,14.0,13.333333333333334,560.0,./DynamicNuclearNet-tracking-v1_0/train,train,microscopy,Dynamic Nuclear Net
31,./DynamicNuclearNet-tracking-v1_0/train/train_27.mp4,./DynamicNuclearNet-tracking-v1_0/train/train_27.slp,37,42,592,608,28.0,32.0,29.857142857142858,1254.0,./DynamicNuclearNet-tracking-v1_0/train,train,microscopy,Dynamic Nuclear Net
32,./DynamicNuclearNet-tracking-v1_0/train/train_28.mp4,./DynamicNuclearNet-tracking-v1_0/train/train_28.slp,48,42,592,608,39.0,44.0,41.23809523809524,1732.0,./DynamicNuclearNet-tracking-v1_0/train,train,microscopy,Dynamic Nuclear Net
33,./DynamicNuclearNet-tracking-v1_0/train/train_29.mp4,./DynamicNuclearNet-tracking-v1_0/train/train_29.slp,56,42,592,608,50.0,53.0,50.97619047619048,2141.0,./DynamicNuclearNet-tracking-v1_0/train,train,microscopy,Dynamic Nuclear Net
34,./DynamicNuclearNet-tracking-v1_0/train/train_3.mp4,./DynamicNuclearNet-tracking-v1_0/train/train_3.slp,19,42,592,608,17.0,19.0,18.30952380952381,769.0,./DynamicNuclearNet-tracking-v1_0/train,train,microscopy,Dynamic Nuclear Net
35,./DynamicNuclearNet-tracking-v1_0/train/train_30.mp4,./DynamicNuclearNet-tracking-v1_0/train/train_30.slp,48,42,592,608,36.0,41.0,38.30952380952381,1609.0,./DynamicNuclearNet-tracking-v1_0/train,train,microscopy,Dynamic Nuclear Net
36,./DynamicNuclearNet-tracking-v1_0/train/train_31.mp4,./DynamicNuclearNet-tracking-v1_0/train/train_31.slp,50,42,592,608,41.0,44.0,41.92857142857143,1761.0,./DynamicNuclearNet-tracking-v1_0/train,train,microscopy,Dynamic Nuclear Net
37,./DynamicNuclearNet-tracking-v1_0/train/train_32.mp4,./DynamicNuclearNet-tracking-v1_0/train/train_32.slp,43,42,592,608,33.0,39.0,36.38095238095238,1528.0,./DynamicNuclearNet-tracking-v1_0/train,train,microscopy,Dynamic Nuclear Net
38,./DynamicNuclearNet-tracking-v1_0/train/train_33.mp4,./DynamicNuclearNet-tracking-v1_0/train/train_33.slp,41,42,592,608,32.0,38.0,35.45238095238095,1489.0,./DynamicNuclearNet-tracking-v1_0/train,train,microscopy,Dynamic Nuclear Net
39,./DynamicNuclearNet-tracking-v1_0/train/train_34.mp4,./DynamicNuclearNet-tracking-v1_0/train/train_34.slp,23,42,592,608,21.0,23.0,22.19047619047619,932.0,./DynamicNuclearNet-tracking-v1_0/train,train,microscopy,Dynamic Nuclear Net
40,./DynamicNuclearNet-tracking-v1_0/train/train_35.mp4,./DynamicNuclearNet-tracking-v1_0/train/train_35.slp,26,42,592,608,22.0,24.0,23.214285714285715,975.0,./DynamicNuclearNet-tracking-v1_0/train,train,microscopy,Dynamic Nuclear Net
41,./DynamicNuclearNet-tracking-v1_0/train/train_36.mp4,./DynamicNuclearNet-tracking-v1_0/train/train_36.slp,63,42,592,608,42.0,51.0,46.47619047619048,1952.0,./DynamicNuclearNet-tracking-v1_0/train,train,microscopy,Dynamic Nuclear Net
42,./DynamicNuclearNet-tracking-v1_0/train/train_37.mp4,./DynamicNuclearNet-tracking-v1_0/train/train_37.slp,33,42,592,608,26.0,29.0,27.261904761904763,1145.0,./DynamicNuclearNet-tracking-v1_0/train,train,microscopy,Dynamic Nuclear Net
43,./DynamicNuclearNet-tracking-v1_0/train/train_38.mp4,./DynamicNuclearNet-tracking-v1_0/train/train_38.slp,34,42,592,608,25.0,30.0,26.857142857142858,1128.0,./DynamicNuclearNet-tracking-v1_0/train,train,microscopy,Dynamic Nuclear Net
44,./DynamicNuclearNet-tracking-v1_0/train/train_39.mp4,./DynamicNuclearNet-tracking-v1_0/train/train_39.slp,26,42,592,608,24.0,25.0,24.19047619047619,1016.0,./DynamicNuclearNet-tracking-v1_0/train,train,microscopy,Dynamic Nuclear Net
45,./DynamicNuclearNet-tracking-v1_0/train/train_4.mp4,./DynamicNuclearNet-tracking-v1_0/train/train_4.slp,33,42,592,608,27.0,30.0,28.02380952380953,1177.0,./DynamicNuclearNet-tracking-v1_0/train,train,microscopy,Dynamic Nuclear Net
46,./DynamicNuclearNet-tracking-v1_0/train/train_40.mp4,./DynamicNuclearNet-tracking-v1_0/train/train_40.slp,28,50,592,608,18.0,21.0,20.42,1021.0,./DynamicNuclearNet-tracking-v1_0/train,train,microscopy,Dynamic Nuclear Net
47,./DynamicNuclearNet-tracking-v1_0/train/train_41.mp4,./DynamicNuclearNet-tracking-v1_0/train/train_41.slp,22,50,592,608,15.0,19.0,16.76,838.0,./DynamicNuclearNet-tracking-v1_0/train,train,microscopy,Dynamic Nuclear Net
48,./DynamicNuclearNet-tracking-v1_0/train/train_42.mp4,./DynamicNuclearNet-tracking-v1_0/train/train_42.slp,25,50,592,608,11.0,16.0,14.04,702.0,./DynamicNuclearNet-tracking-v1_0/train,train,microscopy,Dynamic Nuclear Net
49,./DynamicNuclearNet-tracking-v1_0/train/train_43.mp4,./DynamicNuclearNet-tracking-v1_0/train/train_43.slp,12,50,592,608,7.0,10.0,8.9,445.0,./DynamicNuclearNet-tracking-v1_0/train,train,microscopy,Dynamic Nuclear Net
50,./DynamicNuclearNet-tracking-v1_0/train/train_44.mp4,./DynamicNuclearNet-tracking-v1_0/train/train_44.slp,5,50,592,608,5.0,5.0,5.0,250.0,./DynamicNuclearNet-tracking-v1_0/train,train,microscopy,Dynamic Nuclear Net
51,./DynamicNuclearNet-tracking-v1_0/train/train_45.mp4,./DynamicNuclearNet-tracking-v1_0/train/train_45.slp,132,71,592,608,69.0,92.0,83.59154929577464,5935.0,./DynamicNuclearNet-tracking-v1_0/train,train,microscopy,Dynamic Nuclear Net
52,./DynamicNuclearNet-tracking-v1_0/train/train_46.mp4,./DynamicNuclearNet-tracking-v1_0/train/train_46.slp,76,71,592,608,41.0,55.0,48.394366197183096,3436.0,./DynamicNuclearNet-tracking-v1_0/train,train,microscopy,Dynamic Nuclear Net
53,./DynamicNuclearNet-tracking-v1_0/train/train_47.mp4,./DynamicNuclearNet-tracking-v1_0/train/train_47.slp,168,71,592,608,96.0,119.0,106.01408450704226,7527.0,./DynamicNuclearNet-tracking-v1_0/train,train,microscopy,Dynamic Nuclear Net
54,./DynamicNuclearNet-tracking-v1_0/train/train_48.mp4,./DynamicNuclearNet-tracking-v1_0/train/train_48.slp,107,71,592,608,55.0,73.0,62.42253521126761,4432.0,./DynamicNuclearNet-tracking-v1_0/train,train,microscopy,Dynamic Nuclear Net
55,./DynamicNuclearNet-tracking-v1_0/train/train_49.mp4,./DynamicNuclearNet-tracking-v1_0/train/train_49.slp,102,71,592,608,56.0,69.0,62.91549295774648,4467.0,./DynamicNuclearNet-tracking-v1_0/train,train,microscopy,Dynamic Nuclear Net
56,./DynamicNuclearNet-tracking-v1_0/train/train_5.mp4,./DynamicNuclearNet-tracking-v1_0/train/train_5.slp,61,42,592,608,52.0,57.0,55.23809523809524,2320.0,./DynamicNuclearNet-tracking-v1_0/train,train,microscopy,Dynamic Nuclear Net
57,./DynamicNuclearNet-tracking-v1_0/train/train_50.mp4,./DynamicNuclearNet-tracking-v1_0/train/train_50.slp,134,71,592,608,75.0,96.0,89.83098591549296,6378.0,./DynamicNuclearNet-tracking-v1_0/train,train,microscopy,Dynamic Nuclear Net
58,./DynamicNuclearNet-tracking-v1_0/train/train_51.mp4,./DynamicNuclearNet-tracking-v1_0/train/train_51.slp,100,71,592,608,55.0,70.0,62.309859154929576,4424.0,./DynamicNuclearNet-tracking-v1_0/train,train,microscopy,Dynamic Nuclear Net
59,./DynamicNuclearNet-tracking-v1_0/train/train_52.mp4,./DynamicNuclearNet-tracking-v1_0/train/train_52.slp,94,71,592,608,42.0,65.0,53.42253521126761,3793.0,./DynamicNuclearNet-tracking-v1_0/train,train,microscopy,Dynamic Nuclear Net
60,./DynamicNuclearNet-tracking-v1_0/train/train_53.mp4,./DynamicNuclearNet-tracking-v1_0/train/train_53.slp,150,71,592,608,85.0,113.0,97.52112676056338,6924.0,./DynamicNuclearNet-tracking-v1_0/train,train,microscopy,Dynamic Nuclear Net
61,./DynamicNuclearNet-tracking-v1_0/train/train_54.mp4,./DynamicNuclearNet-tracking-v1_0/train/train_54.slp,246,71,592,608,191.0,224.0,208.2394366197183,14785.0,./DynamicNuclearNet-tracking-v1_0/train,train,microscopy,Dynamic Nuclear Net
62,./DynamicNuclearNet-tracking-v1_0/train/train_55.mp4,./DynamicNuclearNet-tracking-v1_0/train/train_55.slp,246,71,592,608,188.0,209.0,196.54929577464787,13955.0,./DynamicNuclearNet-tracking-v1_0/train,train,microscopy,Dynamic Nuclear Net
63,./DynamicNuclearNet-tracking-v1_0/train/train_56.mp4,./DynamicNuclearNet-tracking-v1_0/train/train_56.slp,235,71,592,608,179.0,201.0,190.54929577464787,13529.0,./DynamicNuclearNet-tracking-v1_0/train,train,microscopy,Dynamic Nuclear Net
64,./DynamicNuclearNet-tracking-v1_0/train/train_57.mp4,./DynamicNuclearNet-tracking-v1_0/train/train_57.slp,246,71,592,608,192.0,219.0,204.4647887323944,14517.0,./DynamicNuclearNet-tracking-v1_0/train,train,microscopy,Dynamic Nuclear Net
65,./DynamicNuclearNet-tracking-v1_0/train/train_58.mp4,./DynamicNuclearNet-tracking-v1_0/train/train_58.slp,249,71,592,608,198.0,218.0,206.4647887323944,14659.0,./DynamicNuclearNet-tracking-v1_0/train,train,microscopy,Dynamic Nuclear Net
66,./DynamicNuclearNet-tracking-v1_0/train/train_59.mp4,./DynamicNuclearNet-tracking-v1_0/train/train_59.slp,253,71,592,608,213.0,249.0,225.98591549295776,16045.0,./DynamicNuclearNet-tracking-v1_0/train,train,microscopy,Dynamic Nuclear Net
67,./DynamicNuclearNet-tracking-v1_0/train/train_6.mp4,./DynamicNuclearNet-tracking-v1_0/train/train_6.slp,47,42,592,608,38.0,42.0,39.642857142857146,1665.0,./DynamicNuclearNet-tracking-v1_0/train,train,microscopy,Dynamic Nuclear Net
68,./DynamicNuclearNet-tracking-v1_0/train/train_60.mp4,./DynamicNuclearNet-tracking-v1_0/train/train_60.slp,200,45,592,608,132.0,147.0,138.95555555555555,6253.0,./DynamicNuclearNet-tracking-v1_0/train,train,microscopy,Dynamic Nuclear Net
69,./DynamicNuclearNet-tracking-v1_0/train/train_61.mp4,./DynamicNuclearNet-tracking-v1_0/train/train_61.slp,111,45,592,608,78.0,90.0,82.66666666666667,3720.0,./DynamicNuclearNet-tracking-v1_0/train,train,microscopy,Dynamic Nuclear Net
70,./DynamicNuclearNet-tracking-v1_0/train/train_62.mp4,./DynamicNuclearNet-tracking-v1_0/train/train_62.slp,185,55,592,608,110.0,134.0,125.36363636363636,6895.0,./DynamicNuclearNet-tracking-v1_0/train,train,microscopy,Dynamic Nuclear Net
71,./DynamicNuclearNet-tracking-v1_0/train/train_63.mp4,./DynamicNuclearNet-tracking-v1_0/train/train_63.slp,174,45,592,608,100.0,131.0,116.46666666666668,5241.0,./DynamicNuclearNet-tracking-v1_0/train,train,microscopy,Dynamic Nuclear Net
72,./DynamicNuclearNet-tracking-v1_0/train/train_64.mp4,./DynamicNuclearNet-tracking-v1_0/train/train_64.slp,194,55,592,608,130.0,152.0,141.70909090909092,7794.0,./DynamicNuclearNet-tracking-v1_0/train,train,microscopy,Dynamic Nuclear Net
73,./DynamicNuclearNet-tracking-v1_0/train/train_65.mp4,./DynamicNuclearNet-tracking-v1_0/train/train_65.slp,169,65,592,608,100.0,127.0,114.35384615384616,7433.0,./DynamicNuclearNet-tracking-v1_0/train,train,microscopy,Dynamic Nuclear Net
74,./DynamicNuclearNet-tracking-v1_0/train/train_66.mp4,./DynamicNuclearNet-tracking-v1_0/train/train_66.slp,239,65,592,608,180.0,201.0,187.23076923076923,12170.0,./DynamicNuclearNet-tracking-v1_0/train,train,microscopy,Dynamic Nuclear Net
75,./DynamicNuclearNet-tracking-v1_0/train/train_67.mp4,./DynamicNuclearNet-tracking-v1_0/train/train_67.slp,183,65,592,608,96.0,131.0,114.92307692307692,7470.0,./DynamicNuclearNet-tracking-v1_0/train,train,microscopy,Dynamic Nuclear Net
76,./DynamicNuclearNet-tracking-v1_0/train/train_68.mp4,./DynamicNuclearNet-tracking-v1_0/train/train_68.slp,206,55,592,608,159.0,180.0,173.8909090909091,9564.0,./DynamicNuclearNet-tracking-v1_0/train,train,microscopy,Dynamic Nuclear Net
77,./DynamicNuclearNet-tracking-v1_0/train/train_69.mp4,./DynamicNuclearNet-tracking-v1_0/train/train_69.slp,143,65,592,608,88.0,111.0,95.6923076923077,6220.0,./DynamicNuclearNet-tracking-v1_0/train,train,microscopy,Dynamic Nuclear Net
78,./DynamicNuclearNet-tracking-v1_0/train/train_7.mp4,./DynamicNuclearNet-tracking-v1_0/train/train_7.slp,43,42,592,608,35.0,39.0,37.47619047619048,1574.0,./DynamicNuclearNet-tracking-v1_0/train,train,microscopy,Dynamic Nuclear Net
79,./DynamicNuclearNet-tracking-v1_0/train/train_70.mp4,./DynamicNuclearNet-tracking-v1_0/train/train_70.slp,101,45,592,608,68.0,87.0,77.0,3465.0,./DynamicNuclearNet-tracking-v1_0/train,train,microscopy,Dynamic Nuclear Net
80,./DynamicNuclearNet-tracking-v1_0/train/train_71.mp4,./DynamicNuclearNet-tracking-v1_0/train/train_71.slp,204,65,592,608,111.0,155.0,132.46153846153845,8610.0,./DynamicNuclearNet-tracking-v1_0/train,train,microscopy,Dynamic Nuclear Net
81,./DynamicNuclearNet-tracking-v1_0/train/train_72.mp4,./DynamicNuclearNet-tracking-v1_0/train/train_72.slp,202,55,592,608,167.0,189.0,175.4,9647.0,./DynamicNuclearNet-tracking-v1_0/train,train,microscopy,Dynamic Nuclear Net
82,./DynamicNuclearNet-tracking-v1_0/train/train_73.mp4,./DynamicNuclearNet-tracking-v1_0/train/train_73.slp,133,45,592,608,96.0,111.0,105.37777777777778,4742.0,./DynamicNuclearNet-tracking-v1_0/train,train,microscopy,Dynamic Nuclear Net
83,./DynamicNuclearNet-tracking-v1_0/train/train_74.mp4,./DynamicNuclearNet-tracking-v1_0/train/train_74.slp,184,65,592,608,106.0,136.0,120.75384615384615,7849.0,./DynamicNuclearNet-tracking-v1_0/train,train,microscopy,Dynamic Nuclear Net
84,./DynamicNuclearNet-tracking-v1_0/train/train_75.mp4,./DynamicNuclearNet-tracking-v1_0/train/train_75.slp,153,45,592,608,99.0,117.0,105.28888888888888,4738.0,./DynamicNuclearNet-tracking-v1_0/train,train,microscopy,Dynamic Nuclear Net
85,./DynamicNuclearNet-tracking-v1_0/train/train_76.mp4,./DynamicNuclearNet-tracking-v1_0/train/train_76.slp,209,55,592,608,180.0,195.0,190.4181818181818,10473.0,./DynamicNuclearNet-tracking-v1_0/train,train,microscopy,Dynamic Nuclear Net
86,./DynamicNuclearNet-tracking-v1_0/train/train_77.mp4,./DynamicNuclearNet-tracking-v1_0/train/train_77.slp,209,45,592,608,138.0,169.0,155.26666666666668,6987.0,./DynamicNuclearNet-tracking-v1_0/train,train,microscopy,Dynamic Nuclear Net
87,./DynamicNuclearNet-tracking-v1_0/train/train_78.mp4,./DynamicNuclearNet-tracking-v1_0/train/train_78.slp,215,55,592,608,173.0,190.0,183.05454545454543,10068.0,./DynamicNuclearNet-tracking-v1_0/train,train,microscopy,Dynamic Nuclear Net
88,./DynamicNuclearNet-tracking-v1_0/train/train_79.mp4,./DynamicNuclearNet-tracking-v1_0/train/train_79.slp,148,65,592,608,84.0,113.0,96.06153846153846,6244.0,./DynamicNuclearNet-tracking-v1_0/train,train,microscopy,Dynamic Nuclear Net
89,./DynamicNuclearNet-tracking-v1_0/train/train_8.mp4,./DynamicNuclearNet-tracking-v1_0/train/train_8.slp,48,42,592,608,37.0,42.0,39.0,1638.0,./DynamicNuclearNet-tracking-v1_0/train,train,microscopy,Dynamic Nuclear Net
90,./DynamicNuclearNet-tracking-v1_0/train/train_80.mp4,./DynamicNuclearNet-tracking-v1_0/train/train_80.slp,205,65,592,608,143.0,168.0,155.69230769230768,10120.0,./DynamicNuclearNet-tracking-v1_0/train,train,microscopy,Dynamic Nuclear Net
91,./DynamicNuclearNet-tracking-v1_0/train/train_81.mp4,./DynamicNuclearNet-tracking-v1_0/train/train_81.slp,218,45,592,608,152.0,170.0,160.51111111111112,7223.0,./DynamicNuclearNet-tracking-v1_0/train,train,microscopy,Dynamic Nuclear Net
92,./DynamicNuclearNet-tracking-v1_0/train/train_82.mp4,./DynamicNuclearNet-tracking-v1_0/train/train_82.slp,247,55,592,608,221.0,244.0,226.9636363636364,12483.0,./DynamicNuclearNet-tracking-v1_0/train,train,microscopy,Dynamic Nuclear Net
93,./DynamicNuclearNet-tracking-v1_0/train/train_83.mp4,./DynamicNuclearNet-tracking-v1_0/train/train_83.slp,179,55,592,608,126.0,151.0,141.3272727272727,7773.0,./DynamicNuclearNet-tracking-v1_0/train,train,microscopy,Dynamic Nuclear Net
94,./DynamicNuclearNet-tracking-v1_0/train/train_84.mp4,./DynamicNuclearNet-tracking-v1_0/train/train_84.slp,223,65,592,608,116.0,173.0,143.46153846153845,9325.0,./DynamicNuclearNet-tracking-v1_0/train,train,microscopy,Dynamic Nuclear Net
95,./DynamicNuclearNet-tracking-v1_0/train/train_85.mp4,./DynamicNuclearNet-tracking-v1_0/train/train_85.slp,145,65,592,608,88.0,107.0,96.93846153846154,6301.0,./DynamicNuclearNet-tracking-v1_0/train,train,microscopy,Dynamic Nuclear Net
96,./DynamicNuclearNet-tracking-v1_0/train/train_86.mp4,./DynamicNuclearNet-tracking-v1_0/train/train_86.slp,164,65,592,608,96.0,125.0,109.4,7111.0,./DynamicNuclearNet-tracking-v1_0/train,train,microscopy,Dynamic Nuclear Net
97,./DynamicNuclearNet-tracking-v1_0/train/train_87.mp4,./DynamicNuclearNet-tracking-v1_0/train/train_87.slp,130,65,592,608,78.0,96.0,85.64615384615385,5567.0,./DynamicNuclearNet-tracking-v1_0/train,train,microscopy,Dynamic Nuclear Net
98,./DynamicNuclearNet-tracking-v1_0/train/train_88.mp4,./DynamicNuclearNet-tracking-v1_0/train/train_88.slp,221,65,592,608,146.0,177.0,163.33846153846153,10617.0,./DynamicNuclearNet-tracking-v1_0/train,train,microscopy,Dynamic Nuclear Net
99,./DynamicNuclearNet-tracking-v1_0/train/train_89.mp4,./DynamicNuclearNet-tracking-v1_0/train/train_89.slp,226,55,592,608,189.0,205.0,195.9272727272728,10776.0,./DynamicNuclearNet-tracking-v1_0/train,train,microscopy,Dynamic Nuclear Net
100,./DynamicNuclearNet-tracking-v1_0/train/train_9.mp4,./DynamicNuclearNet-tracking-v1_0/train/train_9.slp,40,42,592,608,30.0,35.0,33.26190476190476,1397.0,./DynamicNuclearNet-tracking-v1_0/train,train,microscopy,Dynamic Nuclear Net
101,./DynamicNuclearNet-tracking-v1_0/train/train_90.mp4,./DynamicNuclearNet-tracking-v1_0/train/train_90.slp,157,55,592,608,112.0,134.0,125.9090909090909,6925.0,./DynamicNuclearNet-tracking-v1_0/train,train,microscopy,Dynamic Nuclear Net
102,./DynamicNuclearNet-tracking-v1_0/val/val_0.mp4,./DynamicNuclearNet-tracking-v1_0/val/val_0.slp,87,42,592,608,52.0,70.0,59.523809523809526,2500.0,./DynamicNuclearNet-tracking-v1_0/val,val,microscopy,Dynamic Nuclear Net
103,./DynamicNuclearNet-tracking-v1_0/val/val_1.mp4,./DynamicNuclearNet-tracking-v1_0/val/val_1.slp,26,42,592,608,18.0,21.0,18.38095238095238,772.0,./DynamicNuclearNet-tracking-v1_0/val,val,microscopy,Dynamic Nuclear Net
104,./DynamicNuclearNet-tracking-v1_0/val/val_10.mp4,./DynamicNuclearNet-tracking-v1_0/val/val_10.slp,38,42,592,608,28.0,35.0,30.59523809523809,1285.0,./DynamicNuclearNet-tracking-v1_0/val,val,microscopy,Dynamic Nuclear Net
105,./DynamicNuclearNet-tracking-v1_0/val/val_11.mp4,./DynamicNuclearNet-tracking-v1_0/val/val_11.slp,61,42,592,608,38.0,48.0,42.0,1764.0,./DynamicNuclearNet-tracking-v1_0/val,val,microscopy,Dynamic Nuclear Net
106,./DynamicNuclearNet-tracking-v1_0/val/val_12.mp4,./DynamicNuclearNet-tracking-v1_0/val/val_12.slp,7,50,592,608,3.0,5.0,3.52,176.0,./DynamicNuclearNet-tracking-v1_0/val,val,microscopy,Dynamic Nuclear Net
107,./DynamicNuclearNet-tracking-v1_0/val/val_13.mp4,./DynamicNuclearNet-tracking-v1_0/val/val_13.slp,39,50,592,608,19.0,22.0,20.32,1016.0,./DynamicNuclearNet-tracking-v1_0/val,val,microscopy,Dynamic Nuclear Net
108,./DynamicNuclearNet-tracking-v1_0/val/val_14.mp4,./DynamicNuclearNet-tracking-v1_0/val/val_14.slp,137,71,592,608,74.0,96.0,87.71830985915493,6228.0,./DynamicNuclearNet-tracking-v1_0/val,val,microscopy,Dynamic Nuclear Net
109,./DynamicNuclearNet-tracking-v1_0/val/val_15.mp4,./DynamicNuclearNet-tracking-v1_0/val/val_15.slp,106,71,592,608,54.0,71.0,61.732394366197184,4383.0,./DynamicNuclearNet-tracking-v1_0/val,val,microscopy,Dynamic Nuclear Net
110,./DynamicNuclearNet-tracking-v1_0/val/val_16.mp4,./DynamicNuclearNet-tracking-v1_0/val/val_16.slp,251,71,592,608,164.0,188.0,176.90140845070422,12560.0,./DynamicNuclearNet-tracking-v1_0/val,val,microscopy,Dynamic Nuclear Net
111,./DynamicNuclearNet-tracking-v1_0/val/val_17.mp4,./DynamicNuclearNet-tracking-v1_0/val/val_17.slp,227,45,592,608,150.0,173.0,160.33333333333334,7215.0,./DynamicNuclearNet-tracking-v1_0/val,val,microscopy,Dynamic Nuclear Net
112,./DynamicNuclearNet-tracking-v1_0/val/val_18.mp4,./DynamicNuclearNet-tracking-v1_0/val/val_18.slp,200,45,592,608,134.0,158.0,144.22222222222223,6490.0,./DynamicNuclearNet-tracking-v1_0/val,val,microscopy,Dynamic Nuclear Net
113,./DynamicNuclearNet-tracking-v1_0/val/val_19.mp4,./DynamicNuclearNet-tracking-v1_0/val/val_19.slp,182,55,592,608,134.0,155.0,147.25454545454545,8099.0,./DynamicNuclearNet-tracking-v1_0/val,val,microscopy,Dynamic Nuclear Net
114,./DynamicNuclearNet-tracking-v1_0/val/val_2.mp4,./DynamicNuclearNet-tracking-v1_0/val/val_2.slp,57,42,592,608,43.0,52.0,47.35714285714285,1989.0,./DynamicNuclearNet-tracking-v1_0/val,val,microscopy,Dynamic Nuclear Net
115,./DynamicNuclearNet-tracking-v1_0/val/val_20.mp4,./DynamicNuclearNet-tracking-v1_0/val/val_20.slp,214,45,592,608,132.0,161.0,143.33333333333334,6450.0,./DynamicNuclearNet-tracking-v1_0/val,val,microscopy,Dynamic Nuclear Net
116,./DynamicNuclearNet-tracking-v1_0/val/val_21.mp4,./DynamicNuclearNet-tracking-v1_0/val/val_21.slp,208,45,592,608,117.0,154.0,133.88888888888889,6025.0,./DynamicNuclearNet-tracking-v1_0/val,val,microscopy,Dynamic Nuclear Net
117,./DynamicNuclearNet-tracking-v1_0/val/val_22.mp4,./DynamicNuclearNet-tracking-v1_0/val/val_22.slp,229,65,592,608,137.0,177.0,155.23076923076923,10090.0,./DynamicNuclearNet-tracking-v1_0/val,val,microscopy,Dynamic Nuclear Net
118,./DynamicNuclearNet-tracking-v1_0/val/val_23.mp4,./DynamicNuclearNet-tracking-v1_0/val/val_23.slp,140,45,592,608,94.0,110.0,100.4888888888889,4522.0,./DynamicNuclearNet-tracking-v1_0/val,val,microscopy,Dynamic Nuclear Net
119,./DynamicNuclearNet-tracking-v1_0/val/val_24.mp4,./DynamicNuclearNet-tracking-v1_0/val/val_24.slp,110,45,592,608,73.0,87.0,81.22222222222223,3655.0,./DynamicNuclearNet-tracking-v1_0/val,val,microscopy,Dynamic Nuclear Net
120,./DynamicNuclearNet-tracking-v1_0/val/val_25.mp4,./DynamicNuclearNet-tracking-v1_0/val/val_25.slp,100,45,592,608,54.0,77.0,63.11111111111112,2840.0,./DynamicNuclearNet-tracking-v1_0/val,val,microscopy,Dynamic Nuclear Net
121,./DynamicNuclearNet-tracking-v1_0/val/val_26.mp4,./DynamicNuclearNet-tracking-v1_0/val/val_26.slp,148,65,592,608,93.0,114.0,104.0,6760.0,./DynamicNuclearNet-tracking-v1_0/val,val,microscopy,Dynamic Nuclear Net
122,./DynamicNuclearNet-tracking-v1_0/val/val_3.mp4,./DynamicNuclearNet-tracking-v1_0/val/val_3.slp,47,42,592,608,41.0,43.0,42.40476190476191,1781.0,./DynamicNuclearNet-tracking-v1_0/val,val,microscopy,Dynamic Nuclear Net
123,./DynamicNuclearNet-tracking-v1_0/val/val_4.mp4,./DynamicNuclearNet-tracking-v1_0/val/val_4.slp,40,42,592,608,29.0,31.0,29.761904761904763,1250.0,./DynamicNuclearNet-tracking-v1_0/val,val,microscopy,Dynamic Nuclear Net
124,./DynamicNuclearNet-tracking-v1_0/val/val_5.mp4,./DynamicNuclearNet-tracking-v1_0/val/val_5.slp,49,42,592,608,31.0,39.0,35.42857142857143,1488.0,./DynamicNuclearNet-tracking-v1_0/val,val,microscopy,Dynamic Nuclear Net
125,./DynamicNuclearNet-tracking-v1_0/val/val_6.mp4,./DynamicNuclearNet-tracking-v1_0/val/val_6.slp,43,42,592,608,31.0,38.0,34.11904761904762,1433.0,./DynamicNuclearNet-tracking-v1_0/val,val,microscopy,Dynamic Nuclear Net
126,./DynamicNuclearNet-tracking-v1_0/val/val_7.mp4,./DynamicNuclearNet-tracking-v1_0/val/val_7.slp,36,42,592,608,27.0,31.0,28.357142857142858,1191.0,./DynamicNuclearNet-tracking-v1_0/val,val,microscopy,Dynamic Nuclear Net
127,./DynamicNuclearNet-tracking-v1_0/val/val_8.mp4,./DynamicNuclearNet-tracking-v1_0/val/val_8.slp,19,42,592,608,18.0,19.0,18.857142857142858,792.0,./DynamicNuclearNet-tracking-v1_0/val,val,microscopy,Dynamic Nuclear Net
128,./DynamicNuclearNet-tracking-v1_0/val/val_9.mp4,./DynamicNuclearNet-tracking-v1_0/val/val_9.slp,33,42,592,608,25.0,30.0,27.476190476190474,1154.0,./DynamicNuclearNet-tracking-v1_0/val,val,microscopy,Dynamic Nuclear Net
129,./DynamicNuclearNet-tracking-v1_0/test/test_0.mp4,./DynamicNuclearNet-tracking-v1_0/test/test_0.slp,33,42,592,608,23.0,28.0,24.52380952380953,1030.0,./DynamicNuclearNet-tracking-v1_0/test,test,microscopy,Dynamic Nuclear Net
130,./DynamicNuclearNet-tracking-v1_0/test/test_1.mp4,./DynamicNuclearNet-tracking-v1_0/test/test_1.slp,29,42,592,608,25.0,27.0,26.404761904761905,1109.0,./DynamicNuclearNet-tracking-v1_0/test,test,microscopy,Dynamic Nuclear Net
131,./DynamicNuclearNet-tracking-v1_0/test/test_10.mp4,./DynamicNuclearNet-tracking-v1_0/test/test_10.slp,120,45,592,608,77.0,101.0,88.33333333333333,3975.0,./DynamicNuclearNet-tracking-v1_0/test,test,microscopy,Dynamic Nuclear Net
132,./DynamicNuclearNet-tracking-v1_0/test/test_11.mp4,./DynamicNuclearNet-tracking-v1_0/test/test_11.slp,217,55,592,608,176.0,187.0,181.03636363636363,9957.0,./DynamicNuclearNet-tracking-v1_0/test,test,microscopy,Dynamic Nuclear Net
133,./DynamicNuclearNet-tracking-v1_0/test/test_2.mp4,./DynamicNuclearNet-tracking-v1_0/test/test_2.slp,65,42,592,608,47.0,55.0,50.523809523809526,2122.0,./DynamicNuclearNet-tracking-v1_0/test,test,microscopy,Dynamic Nuclear Net
134,./DynamicNuclearNet-tracking-v1_0/test/test_3.mp4,./DynamicNuclearNet-tracking-v1_0/test/test_3.slp,18,42,592,608,12.0,14.0,12.857142857142858,540.0,./DynamicNuclearNet-tracking-v1_0/test,test,microscopy,Dynamic Nuclear Net
135,./DynamicNuclearNet-tracking-v1_0/test/test_4.mp4,./DynamicNuclearNet-tracking-v1_0/test/test_4.slp,22,42,592,608,16.0,18.0,16.952380952380953,712.0,./DynamicNuclearNet-tracking-v1_0/test,test,microscopy,Dynamic Nuclear Net
136,./DynamicNuclearNet-tracking-v1_0/test/test_5.mp4,./DynamicNuclearNet-tracking-v1_0/test/test_5.slp,14,50,592,608,7.0,10.0,7.94,397.0,./DynamicNuclearNet-tracking-v1_0/test,test,microscopy,Dynamic Nuclear Net
137,./DynamicNuclearNet-tracking-v1_0/test/test_6.mp4,./DynamicNuclearNet-tracking-v1_0/test/test_6.slp,7,50,592,608,3.0,5.0,4.12,206.0,./DynamicNuclearNet-tracking-v1_0/test,test,microscopy,Dynamic Nuclear Net
138,./DynamicNuclearNet-tracking-v1_0/test/test_7.mp4,./DynamicNuclearNet-tracking-v1_0/test/test_7.slp,107,71,592,608,60.0,77.0,71.21126760563381,5056.0,./DynamicNuclearNet-tracking-v1_0/test,test,microscopy,Dynamic Nuclear Net
139,./DynamicNuclearNet-tracking-v1_0/test/test_8.mp4,./DynamicNuclearNet-tracking-v1_0/test/test_8.slp,244,71,592,608,188.0,206.0,196.54929577464787,13955.0,./DynamicNuclearNet-tracking-v1_0/test,test,microscopy,Dynamic Nuclear Net
140,./DynamicNuclearNet-tracking-v1_0/test/test_9.mp4,./DynamicNuclearNet-tracking-v1_0/test/test_9.slp,225,65,592,608,120.0,170.0,142.7076923076923,9276.0,./DynamicNuclearNet-tracking-v1_0/test,test,microscopy,Dynamic Nuclear Net
141,./mot-challenge/dreem-train/3T3-run01.mp4,./mot-challenge/dreem-train/3T3-run01.slp,11,1770,320,400,2.0,7.0,4.967796610169492,8793.0,./mot-challenge/dreem-train,train,microscopy,Mot Challenge
142,./mot-challenge/dreem-train/3T3-run03.mp4,./mot-challenge/dreem-train/3T3-run03.slp,38,2062,320,400,4.0,15.0,9.33220174587779,19243.0,./mot-challenge/dreem-train,train,microscopy,Mot Challenge
143,./mot-challenge/dreem-train/3T3-run05.mp4,./mot-challenge/dreem-train/3T3-run05.slp,53,2039,320,400,8.0,25.0,17.717999019127024,36127.0,./mot-challenge/dreem-train,train,microscopy,Mot Challenge
144,./mot-challenge/dreem-train/3T3-run07.mp4,./mot-challenge/dreem-train/3T3-run07.slp,9,1931,320,400,2.0,5.0,2.7286380113930604,5269.0,./mot-challenge/dreem-train,train,microscopy,Mot Challenge
145,./mot-challenge/dreem-train/3T3-run09.mp4,./mot-challenge/dreem-train/3T3-run09.slp,20,2114,320,400,2.0,8.0,4.13197729422895,8735.0,./mot-challenge/dreem-train,train,microscopy,Mot Challenge
146,./mot-challenge/dreem-train/A-10-run07.mp4,./mot-challenge/dreem-train/A-10-run07.slp,45,2462,320,400,7.0,23.0,14.919983753046305,36733.0,./mot-challenge/dreem-train,train,microscopy,Mot Challenge
147,./mot-challenge/dreem-train/A-549-run03.mp4,./mot-challenge/dreem-train/A-549-run03.slp,24,1592,320,400,8.0,17.0,11.759422110552764,18721.0,./mot-challenge/dreem-train,train,microscopy,Mot Challenge
148,./mot-challenge/dreem-train/APM-run01.mp4,./mot-challenge/dreem-train/APM-run01.slp,11,1794,320,400,3.0,6.0,4.65886287625418,8358.0,./mot-challenge/dreem-train,train,microscopy,Mot Challenge
149,./mot-challenge/dreem-train/APM-run03.mp4,./mot-challenge/dreem-train/APM-run03.slp,18,1458,320,400,5.0,9.0,6.519890260631001,9506.0,./mot-challenge/dreem-train,train,microscopy,Mot Challenge
150,./mot-challenge/dreem-train/APM-run05.mp4,./mot-challenge/dreem-train/APM-run05.slp,38,2006,320,400,3.0,18.0,10.521934197407775,21107.0,./mot-challenge/dreem-train,train,microscopy,Mot Challenge
151,./mot-challenge/dreem-train/BPAE-run01.mp4,./mot-challenge/dreem-train/BPAE-run01.slp,175,1568,320,400,103.0,117.0,110.07908163265306,172604.0,./mot-challenge/dreem-train,train,microscopy,Mot Challenge
152,./mot-challenge/dreem-train/BPAE-run07.mp4,./mot-challenge/dreem-train/BPAE-run07.slp,21,2160,320,400,11.0,17.0,15.08611111111111,32586.0,./mot-challenge/dreem-train,train,microscopy,Mot Challenge
153,./mot-challenge/dreem-train/CRE-BAG2-run03.mp4,./mot-challenge/dreem-train/CRE-BAG2-run03.slp,83,1652,320,400,7.0,30.0,18.28329297820824,30204.0,./mot-challenge/dreem-train,train,microscopy,Mot Challenge
154,./mot-challenge/dreem-train/CV-1-run01.mp4,./mot-challenge/dreem-train/CV-1-run01.slp,9,1842,320,400,5.0,7.0,5.758957654723127,10608.0,./mot-challenge/dreem-train,train,microscopy,Mot Challenge
155,./mot-challenge/dreem-train/CV-1-run03.mp4,./mot-challenge/dreem-train/CV-1-run03.slp,7,1613,320,400,3.0,5.0,3.920024798512089,6323.0,./mot-challenge/dreem-train,train,microscopy,Mot Challenge
156,./mot-challenge/dreem-train/LLC-MK2-run01.mp4,./mot-challenge/dreem-train/LLC-MK2-run01.slp,28,1866,320,400,1.0,13.0,9.728831725616292,18154.0,./mot-challenge/dreem-train,train,microscopy,Mot Challenge
157,./mot-challenge/dreem-train/LLC-MK2-run02a.mp4,./mot-challenge/dreem-train/LLC-MK2-run02a.slp,31,1050,320,400,9.0,17.0,12.2,12810.0,./mot-challenge/dreem-train,train,microscopy,Mot Challenge
158,./mot-challenge/dreem-train/LLC-MK2-run03.mp4,./mot-challenge/dreem-train/LLC-MK2-run03.slp,22,2040,320,400,2.0,14.0,8.885294117647058,18126.0,./mot-challenge/dreem-train,train,microscopy,Mot Challenge
159,./mot-challenge/dreem-train/LLC-MK2-run05.mp4,./mot-challenge/dreem-train/LLC-MK2-run05.slp,25,1861,320,400,3.0,11.0,6.667920472864052,12409.0,./mot-challenge/dreem-train,train,microscopy,Mot Challenge
160,./mot-challenge/dreem-train/LLC-MK2-run07.mp4,./mot-challenge/dreem-train/LLC-MK2-run07.slp,56,2187,320,400,9.0,29.0,18.43164151806127,40310.0,./mot-challenge/dreem-train,train,microscopy,Mot Challenge
161,./mot-challenge/dreem-train/MDBK-run01.mp4,./mot-challenge/dreem-train/MDBK-run01.slp,55,368,320,400,34.0,45.0,39.828804347826086,14657.0,./mot-challenge/dreem-train,train,microscopy,Mot Challenge
162,./mot-challenge/dreem-train/MDBK-run05.mp4,./mot-challenge/dreem-train/MDBK-run05.slp,58,1500,320,400,15.0,38.0,30.370666666666665,45556.0,./mot-challenge/dreem-train,train,microscopy,Mot Challenge
163,./mot-challenge/dreem-train/MDBK-run07.mp4,./mot-challenge/dreem-train/MDBK-run07.slp,125,1824,320,400,11.0,82.0,38.92872807017544,71006.0,./mot-challenge/dreem-train,train,microscopy,Mot Challenge
164,./mot-challenge/dreem-train/MDBK-run09.mp4,./mot-challenge/dreem-train/MDBK-run09.slp,59,2195,320,400,10.0,22.0,17.5626423690205,38550.0,./mot-challenge/dreem-train,train,microscopy,Mot Challenge
165,./mot-challenge/dreem-train/MDOK-run01.mp4,./mot-challenge/dreem-train/MDOK-run01.slp,3,2100,320,400,1.0,3.0,1.9957142857142856,4191.0,./mot-challenge/dreem-train,train,microscopy,Mot Challenge
166,./mot-challenge/dreem-train/MDOK-run03.mp4,./mot-challenge/dreem-train/MDOK-run03.slp,8,763,320,400,4.0,8.0,7.938401048492792,6057.0,./mot-challenge/dreem-train,train,microscopy,Mot Challenge
167,./mot-challenge/dreem-train/MDOK-run05.mp4,./mot-challenge/dreem-train/MDOK-run05.slp,20,1894,320,400,7.0,13.0,11.34002111932418,21478.0,./mot-challenge/dreem-train,train,microscopy,Mot Challenge
168,./mot-challenge/dreem-train/MDOK-run09.mp4,./mot-challenge/dreem-train/MDOK-run09.slp,18,2073,320,400,4.0,14.0,10.191509889049687,21127.0,./mot-challenge/dreem-train,train,microscopy,Mot Challenge
169,./mot-challenge/dreem-train/OK-run03.mp4,./mot-challenge/dreem-train/OK-run03.slp,83,1350,320,400,17.0,45.0,29.40074074074074,39691.0,./mot-challenge/dreem-train,train,microscopy,Mot Challenge
170,./mot-challenge/dreem-train/OK-run05.mp4,./mot-challenge/dreem-train/OK-run05.slp,34,1350,320,400,9.0,18.0,14.282962962962962,19282.0,./mot-challenge/dreem-train,train,microscopy,Mot Challenge
171,./mot-challenge/dreem-train/OK-run07.mp4,./mot-challenge/dreem-train/OK-run07.slp,66,1620,320,400,13.0,29.0,21.427777777777777,34713.0,./mot-challenge/dreem-train,train,microscopy,Mot Challenge
172,./mot-challenge/dreem-train/PL1Ut-run03.mp4,./mot-challenge/dreem-train/PL1Ut-run03.slp,61,1848,320,400,18.0,30.0,26.40800865800865,48802.0,./mot-challenge/dreem-train,train,microscopy,Mot Challenge
173,./mot-challenge/dreem-train/PL1Ut-run05.mp4,./mot-challenge/dreem-train/PL1Ut-run05.slp,6,1470,320,400,0.0,3.0,2.0183673469387755,2967.0,./mot-challenge/dreem-train,train,microscopy,Mot Challenge
174,./mot-challenge/dreem-train/RK-13-run01.mp4,./mot-challenge/dreem-train/RK-13-run01.slp,6,1500,320,400,3.0,5.0,4.224,6336.0,./mot-challenge/dreem-train,train,microscopy,Mot Challenge
175,./mot-challenge/dreem-train/RK-13-run03.mp4,./mot-challenge/dreem-train/RK-13-run03.slp,9,900,320,400,6.0,8.0,6.918888888888889,6227.0,./mot-challenge/dreem-train,train,microscopy,Mot Challenge
176,./mot-challenge/dreem-train/U2O-S-run03.mp4,./mot-challenge/dreem-train/U2O-S-run03.slp,18,1972,320,400,4.0,11.0,6.101419878296146,12032.0,./mot-challenge/dreem-train,train,microscopy,Mot Challenge
177,./mot-challenge/dreem-train/U2O-S-run05.mp4,./mot-challenge/dreem-train/U2O-S-run05.slp,45,1972,320,400,5.0,26.0,17.353448275862068,34221.0,./mot-challenge/dreem-train,train,microscopy,Mot Challenge
178,./mot-challenge/dreem-val/A-10-run01.mp4,./mot-challenge/dreem-val/A-10-run01.slp,14,1969,320,400,5.0,10.0,6.803961401726765,13397.0,./mot-challenge/dreem-val,val,microscopy,Mot Challenge
179,./mot-challenge/dreem-val/MDBK-run03.mp4,./mot-challenge/dreem-val/MDBK-run03.slp,31,780,320,400,15.0,21.0,17.837179487179487,13913.0,./mot-challenge/dreem-val,val,microscopy,Mot Challenge
180,./mot-challenge/dreem-val/MDOK-run07.mp4,./mot-challenge/dreem-val/MDOK-run07.slp,13,1972,320,400,3.0,8.0,6.1668356997971605,12161.0,./mot-challenge/dreem-val,val,microscopy,Mot Challenge
181,./mot-challenge/dreem-test/A-10-run03.mp4,./mot-challenge/dreem-test/A-10-run03.slp,6,1891,320,400,3.0,5.0,4.66525647805394,8822.0,./mot-challenge/dreem-test,test,microscopy,Mot Challenge
182,./mot-challenge/dreem-test/A-10-run05.mp4,./mot-challenge/dreem-test/A-10-run05.slp,6,1571,320,400,4.0,5.0,4.354551241247613,6841.0,./mot-challenge/dreem-test,test,microscopy,Mot Challenge
183,./mot-challenge/dreem-test/BPAE-run03.mp4,./mot-challenge/dreem-test/BPAE-run03.slp,24,1803,320,400,14.0,18.0,16.1885745978924,29188.0,./mot-challenge/dreem-test,test,microscopy,Mot Challenge
184,./mot-challenge/dreem-test/BPAE-run05.mp4,./mot-challenge/dreem-test/BPAE-run05.slp,10,1775,320,400,3.0,8.0,4.688450704225352,8322.0,./mot-challenge/dreem-test,test,microscopy,Mot Challenge
185,./mot-challenge/dreem-test/CRE-BAG2-run01.mp4,./mot-challenge/dreem-test/CRE-BAG2-run01.slp,57,1931,320,400,8.0,21.0,13.41584671154842,25906.0,./mot-challenge/dreem-test,test,microscopy,Mot Challenge
186,./mot-challenge/dreem-test/OK-run01.mp4,./mot-challenge/dreem-test/OK-run01.slp,41,1200,320,400,10.0,18.0,14.09,16908.0,./mot-challenge/dreem-test,test,microscopy,Mot Challenge
187,./mot-challenge/dreem-test/PL1Ut-run01.mp4,./mot-challenge/dreem-test/PL1Ut-run01.slp,16,1731,320,400,4.0,10.0,6.022530329289428,10425.0,./mot-challenge/dreem-test,test,microscopy,Mot Challenge
188,./phase-contrast/dreem-train/090303-C2C12P15-FGF2-exp1_F0001.mp4,./phase-contrast/dreem-train/090303-C2C12P15-FGF2-exp1_F0001.slp,81,1013,1040,1392,2.0,34.0,14.04837117472853,14231.0,./phase-contrast/dreem-train,train,microscopy,Phase Contrast
189,./phase-contrast/dreem-train/090303-C2C12P15-FGF2-exp1_F0002.mp4,./phase-contrast/dreem-train/090303-C2C12P15-FGF2-exp1_F0002.slp,143,1013,1040,1392,3.0,52.0,23.60217176702863,23909.0,./phase-contrast/dreem-train,train,microscopy,Phase Contrast
190,./phase-contrast/dreem-train/090303-C2C12P15-FGF2-exp1_F0006.mp4,./phase-contrast/dreem-train/090303-C2C12P15-FGF2-exp1_F0006.slp,100,1013,1040,1392,4.0,33.0,18.711747285291214,18955.0,./phase-contrast/dreem-train,train,microscopy,Phase Contrast
191,./phase-contrast/dreem-train/090303-C2C12P15-FGF2-exp1_F0007.mp4,./phase-contrast/dreem-train/090303-C2C12P15-FGF2-exp1_F0007.slp,125,1013,1040,1392,3.0,41.0,16.636722606120433,16853.0,./phase-contrast/dreem-train,train,microscopy,Phase Contrast
192,./phase-contrast/dreem-train/090303-C2C12P15-FGF2-exp1_F0008.mp4,./phase-contrast/dreem-train/090303-C2C12P15-FGF2-exp1_F0008.slp,171,1013,1040,1392,3.0,77.0,28.315893385982232,28684.0,./phase-contrast/dreem-train,train,microscopy,Phase Contrast
193,./phase-contrast/dreem-train/090303-C2C12P15-FGF2-exp1_F0009.mp4,./phase-contrast/dreem-train/090303-C2C12P15-FGF2-exp1_F0009.slp,63,1013,1040,1392,3.0,32.0,13.13030602171767,13301.0,./phase-contrast/dreem-train,train,microscopy,Phase Contrast
194,./phase-contrast/dreem-train/090303-C2C12P15-FGF2-exp1_F0010.mp4,./phase-contrast/dreem-train/090303-C2C12P15-FGF2-exp1_F0010.slp,53,1013,1040,1392,5.0,20.0,13.343534057255676,13517.0,./phase-contrast/dreem-train,train,microscopy,Phase Contrast
195,./phase-contrast/dreem-train/090303-C2C12P15-FGF2-exp1_F0014.mp4,./phase-contrast/dreem-train/090303-C2C12P15-FGF2-exp1_F0014.slp,135,1013,1040,1392,3.0,51.0,18.867719644619942,19113.0,./phase-contrast/dreem-train,train,microscopy,Phase Contrast
196,./phase-contrast/dreem-train/090303-C2C12P15-FGF2-exp1_F0015.mp4,./phase-contrast/dreem-train/090303-C2C12P15-FGF2-exp1_F0015.slp,143,1013,1040,1392,3.0,64.0,23.91609081934847,,./phase-contrast/dreem-train,train,microscopy,Phase Contrast
197,./phase-contrast/dreem-train/090303-C2C12P15-FGF2-exp1_F0016.mp4,./phase-contrast/dreem-train/090303-C2C12P15-FGF2-exp1_F0016.slp,159,1013,1040,1392,3.0,74.0,24.70681145113524,,./phase-contrast/dreem-train,train,microscopy,Phase Contrast
198,./phase-contrast/dreem-train/090318-C2C12FP7-FGF2-exp1_F0004.mp4,./phase-contrast/dreem-train/090318-C2C12FP7-FGF2-exp1_F0004.slp,103,1063,1040,1392,4.0,46.0,18.650047036688616,,./phase-contrast/dreem-train,train,microscopy,Phase Contrast
199,./phase-contrast/dreem-train/090318-C2C12P7-FGF2-exp1_F0001.mp4,./phase-contrast/dreem-train/090318-C2C12P7-FGF2-exp1_F0001.slp,216,1063,1040,1392,3.0,95.0,29.41486359360301,,./phase-contrast/dreem-train,train,microscopy,Phase Contrast
200,./phase-contrast/dreem-train/090318-C2C12P7-FGF2-exp1_F0002.mp4,./phase-contrast/dreem-train/090318-C2C12P7-FGF2-exp1_F0002.slp,107,1062,1040,1392,3.0,48.0,15.758003766478344,,./phase-contrast/dreem-train,train,microscopy,Phase Contrast
201,./phase-contrast/dreem-train/090318-C2C12P7-FGF2-exp1_F0003.mp4,./phase-contrast/dreem-train/090318-C2C12P7-FGF2-exp1_F0003.slp,102,1063,1040,1392,3.0,43.0,15.598306679209784,,./phase-contrast/dreem-train,train,microscopy,Phase Contrast
202,./phase-contrast/dreem-val/090303-C2C12P15-FGF2-exp1_F0004.mp4,./phase-contrast/dreem-val/090303-C2C12P15-FGF2-exp1_F0004.slp,57,1013,1040,1392,3.0,26.0,12.622902270483712,12787.0,./phase-contrast/dreem-val,val,microscopy,Phase Contrast
203,./phase-contrast/dreem-test/090303-C2C12P15-FGF2-exp1_F0003.mp4,./phase-contrast/dreem-test/090303-C2C12P15-FGF2-exp1_F0003.slp,154,1013,1040,1392,4.0,66.0,25.511352418558737,25843.0,./phase-contrast/dreem-test,test,microscopy,Phase Contrast
204,./phase-contrast/dreem-test/090303-C2C12P15-FGF2-exp1_F0005.mp4,./phase-contrast/dreem-test/090303-C2C12P15-FGF2-exp1_F0005.slp,143,1013,1040,1392,3.0,50.0,22.809476801579468,23106.0,./phase-contrast/dreem-test,test,microscopy,Phase Contrast
205,./phase-contrast/dreem-test/090318-C2C12P7-FGF2-exp1_F0006.mp4,./phase-contrast/dreem-test/090318-C2C12P7-FGF2-exp1_F0006.slp,69,1063,1040,1392,3.0,20.0,11.13170272812794,,./phase-contrast/dreem-test,test,microscopy,Phase Contrast
206,./phase-contrast/dreem-test/090318-C2C12P7-FGF2-exp1_F0005.mp4,./phase-contrast/dreem-test/090318-C2C12P7-FGF2-exp1_F0005.slp,99,1063,1040,1392,3.0,31.0,14.761053621825024,,./phase-contrast/dreem-test,test,microscopy,Phase Contrast
207,./btc/train/als2h_cohort2_cohort2.220503_153813_Camera1_mov.00001.mp4,./btc/train/als2h_cohort2_cohort2.220503_153813_Camera1_mov.00001.predictions.proofread.slp,2,42238,768,1024,1.0,2.0,1.993915431601875,84219.0,./btc/train,train,animal,BTC
208,./btc/train/als2h_cohort2_cohort2.220503_153813_Camera2_mov.00001.mp4,./btc/train/als2h_cohort2_cohort2.220503_153813_Camera2_mov.00001.predictions.proofread.slp,2,42208,768,1024,1.0,2.0,1.99232373009856,84092.0,./btc/train,train,animal,BTC
209,./btc/train/als2h_cohort2_cohort2.220504_093002_Camera0_mov.00001.mp4,./btc/train/als2h_cohort2_cohort2.220504_093002_Camera0_mov.00001.predictions.proofread.slp,2,42205,768,1024,0.0,2.0,1.9834379812818383,83711.0,./btc/train,train,animal,BTC
210,./btc/train/als2h_cohort2_cohort2.220504_093002_Camera2_mov.00001.mp4,./btc/train/als2h_cohort2_cohort2.220504_093002_Camera2_mov.00001.predictions.proofread.slp,2,42224,768,1024,0.0,2.0,1.9515678287230007,82403.0,./btc/train,train,animal,BTC
211,./btc/train/als2h_cohort2_cohort2.220505_093004_Camera0_mov.00001.mp4,./btc/train/als2h_cohort2_cohort2.220505_093004_Camera0_mov.00001.predictions.proofread.slp,2,42243,768,1024,1.0,2.0,1.990601993229648,84089.0,./btc/train,train,animal,BTC
212,./btc/train/als2h_cohort2_cohort2.220505_093004_Camera0_mov.00024.mp4,./btc/train/als2h_cohort2_cohort2.220505_093004_Camera0_mov.00024.predictions.proofread.slp,2,41987,768,1024,1.0,2.0,1.979517469693,83114.0,./btc/train,train,animal,BTC
213,./btc/train/als2h_cohort2_cohort2.220505_093004_Camera1_mov.00024.mp4,./btc/train/als2h_cohort2_cohort2.220505_093004_Camera1_mov.00024.predictions.proofread.slp,2,38755,768,1024,1.0,2.0,1.963514385240614,76096.0,./btc/train,train,animal,BTC
214,./btc/train/als2h_cohort2_cohort2.220505_093004_Camera2_mov.00024.mp4,./btc/train/als2h_cohort2_cohort2.220505_093004_Camera2_mov.00024.predictions.proofread.slp,2,41871,768,1024,1.0,2.0,1.964318979723436,82248.0,./btc/train,train,animal,BTC
215,./btc/train/als2h_cohort2_cohort2.220506_093004_Camera1_mov.00001.mp4,./btc/train/als2h_cohort2_cohort2.220506_093004_Camera1_mov.00001.predictions.proofread.slp,2,42250,768,1024,1.0,2.0,1.9981538461538464,84422.0,./btc/train,train,animal,BTC
216,./btc/train/als2h_cohort2_cohort2.220506_093004_Camera2_mov.00001.mp4,./btc/train/als2h_cohort2_cohort2.220506_093004_Camera2_mov.00001.predictions.proofread.slp,2,42235,768,1024,1.0,2.0,1.9839943175091748,83794.0,./btc/train,train,animal,BTC
217,./btc/train/als2h_cohort2_cohort2.220507_093004_Camera0_mov.00001.mp4,./btc/train/als2h_cohort2_cohort2.220507_093004_Camera0_mov.00001.predictions.proofread.slp,2,42155,768,1024,1.0,2.0,1.997105918633614,84188.0,./btc/train,train,animal,BTC
218,./btc/train/als2h_cohort2_cohort2.220507_093004_Camera0_mov.00024.mp4,./btc/train/als2h_cohort2_cohort2.220507_093004_Camera0_mov.00024.predictions.proofread.slp,2,42250,768,1024,1.0,2.0,1.9980118343195263,84416.0,./btc/train,train,animal,BTC
219,./btc/train/als2h_cohort2_cohort2.220507_093004_Camera1_mov.00024.mp4,./btc/train/als2h_cohort2_cohort2.220507_093004_Camera1_mov.00024.predictions.proofread.slp,2,41621,768,1024,1.0,2.0,1.9080031714759376,79413.0,./btc/train,train,animal,BTC
220,./btc/train/als2h_cohort2_cohort2.220507_093004_Camera2_mov.00001.mp4,./btc/train/als2h_cohort2_cohort2.220507_093004_Camera2_mov.00001.predictions.proofread.slp,2,42228,768,1024,1.0,2.0,1.9943165672065928,84216.0,./btc/train,train,animal,BTC
221,./btc/train/als2h_cohort2_cohort2.220507_093004_Camera2_mov.00024.mp4,./btc/train/als2h_cohort2_cohort2.220507_093004_Camera2_mov.00024.predictions.proofread.slp,2,41230,768,1024,1.0,2.0,1.9806694154741693,81663.0,./btc/train,train,animal,BTC
222,./btc/train/als2h_cohort2_cohort2.220508_093004_Camera0_mov.00001.mp4,./btc/train/als2h_cohort2_cohort2.220508_093004_Camera0_mov.00001.predictions.proofread.slp,2,42169,768,1024,1.0,2.0,1.9963005999668,84182.0,./btc/train,train,animal,BTC
223,./btc/train/als2h_cohort2_cohort2.220508_093004_Camera1_mov.00001.mp4,./btc/train/als2h_cohort2_cohort2.220508_093004_Camera1_mov.00001.predictions.proofread.slp,2,42228,768,1024,1.0,2.0,1.9932982854977737,84173.0,./btc/train,train,animal,BTC
224,./btc/train/als2h_cohort2_cohort2.220509_093004_Camera0_mov.00001.mp4,./btc/train/als2h_cohort2_cohort2.220509_093004_Camera0_mov.00001.predictions.proofread.slp,2,42207,768,1024,1.0,2.0,1.993129101807757,84124.0,./btc/train,train,animal,BTC
225,./btc/train/als2h_cohort2_cohort2.220509_093004_Camera0_mov.00024.mp4,./btc/train/als2h_cohort2_cohort2.220509_093004_Camera0_mov.00024.predictions.proofread.slp,2,40930,768,1024,1.0,2.0,1.9274615196677247,78891.0,./btc/train,train,animal,BTC
226,./btc/val/als2h_cohort2_cohort2.220503_153813_Camera0_mov.00001.mp4,./btc/val/als2h_cohort2_cohort2.220503_153813_Camera0_mov.00001.predictions.proofread.slp,2,42235,768,1024,1.0,2.0,1.9876642595004144,83949.0,./btc/val,val,animal,BTC
227,./btc/val/als2h_cohort2_cohort2.220504_093002_Camera1_mov.00001.mp4,./btc/val/als2h_cohort2_cohort2.220504_093002_Camera1_mov.00001.predictions.proofread.slp,2,42241,768,1024,0.0,2.0,1.984422717265216,83824.0,./btc/val,val,animal,BTC
228,./btc/val/als2h_cohort2_cohort2.220505_093004_Camera2_mov.00001.mp4,./btc/val/als2h_cohort2_cohort2.220505_093004_Camera2_mov.00001.predictions.proofread.slp,2,42201,768,1024,1.0,2.0,1.9424658183455368,81974.0,./btc/val,val,animal,BTC
229,./btc/test/als2h_cohort2_cohort2.220506_093004_Camera0_mov.00001.mp4,./btc/test/als2h_cohort2_cohort2.220506_093004_Camera0_mov.00001.predictions.proofread.slp,2,42250,768,1024,1.0,2.0,1.998556213017752,84439.0,./btc/test,test,animal,BTC
230,./btc/test/als2h_cohort2_cohort2.220507_093004_Camera1_mov.00001.mp4,./btc/test/als2h_cohort2_cohort2.220507_093004_Camera1_mov.00001.predictions.proofread.slp,2,42243,768,1024,1.0,2.0,1.9974670359586204,84379.0,./btc/test,test,animal,BTC
231,./btc/test/als2h_cohort2_cohort2.220508_093004_Camera2_mov.00001.mp4,./btc/test/als2h_cohort2_cohort2.220508_093004_Camera2_mov.00001.predictions.proofread.slp,2,42250,768,1024,1.0,2.0,1.9722524998815223,83233.0,./btc/test,test,animal,BTC
232,./mice_hc/train/20200111_USVpairs_court11_M4_F1_top-01112020164420-0000@6920.mp4,./mice_hc/train/20200111_USVpairs_court11_M4_F1_top-01112020164420-0000@6920.slp,2,800,1024,1280,1.0,2.0,1.9609571788413096,1557.0,./mice_hc/train,train,animal,Mice HC
233,./mice_hc/train/20200111_USVpairs_court12_M4_F1_top-01112020165136-0000@1187.mp4,./mice_hc/train/20200111_USVpairs_court12_M4_F1_top-01112020165136-0000@1187.slp,2,800,1024,1280,2.0,2.0,2.0,1598.0,./mice_hc/train,train,animal,Mice HC
234,./mice_hc/train/20200111_USVpairs_court15_M1_F2_top-01112020173724-0000@4399.mp4,./mice_hc/train/20200111_USVpairs_court15_M1_F2_top-01112020173724-0000@4399.slp,2,800,1024,1280,0.0,2.0,1.96375,1571.0,./mice_hc/train,train,animal,Mice HC
235,./mice_hc/train/20200111_USVpairs_court16_M1_F2_top-01112020174525-0000@4873.mp4,./mice_hc/train/20200111_USVpairs_court16_M1_F2_top-01112020174525-0000@4873.slp,2,800,1024,1280,0.0,2.0,1.95375,1563.0,./mice_hc/train,train,animal,Mice HC
236,./mice_hc/train/20200111_USVpairs_court18_M2_F2_top-01112020175746-0000@5466.mp4,./mice_hc/train/20200111_USVpairs_court18_M2_F2_top-01112020175746-0000@5466.slp,2,800,1024,1280,1.0,2.0,1.962453066332916,1568.0,./mice_hc/train,train,animal,Mice HC
237,./mice_hc/train/20200111_USVpairs_court1_M1_F1_top-01112020145828-0000@10557.mp4,./mice_hc/train/20200111_USVpairs_court1_M1_F1_top-01112020145828-0000@10557.slp,2,800,1024,1280,1.0,2.0,1.890012642225032,1495.0,./mice_hc/train,train,animal,Mice HC
238,./mice_hc/train/20200111_USVpairs_court1_M1_F1_top-01112020145828-0000@4924.mp4,./mice_hc/train/20200111_USVpairs_court1_M1_F1_top-01112020145828-0000@4924.slp,2,800,1024,1280,0.0,2.0,1.951715374841169,1536.0,./mice_hc/train,train,animal,Mice HC
239,./mice_hc/train/20200111_USVpairs_court20_M3_F2_top-01112020180613-0000@7515.mp4,./mice_hc/train/20200111_USVpairs_court20_M3_F2_top-01112020180613-0000@7515.slp,2,800,1024,1280,1.0,2.0,1.9925,1594.0,./mice_hc/train,train,animal,Mice HC
240,./mice_hc/train/20200111_USVpairs_court21_M3_F2_top-01112020181233-0000@4652.mp4,./mice_hc/train/20200111_USVpairs_court21_M3_F2_top-01112020181233-0000@4652.slp,2,800,1024,1280,1.0,2.0,1.9425,1554.0,./mice_hc/train,train,animal,Mice HC
241,./mice_hc/train/20200111_USVpairs_court21_M3_F2_top-01112020181233-0000@6617.mp4,./mice_hc/train/20200111_USVpairs_court21_M3_F2_top-01112020181233-0000@6617.slp,2,800,1024,1280,0.0,2.0,1.96469104665826,1558.0,./mice_hc/train,train,animal,Mice HC
242,./mice_hc/train/20200111_USVpairs_court21_M3_F2_top-01112020181233-0000@7971.mp4,./mice_hc/train/20200111_USVpairs_court21_M3_F2_top-01112020181233-0000@7971.slp,2,800,1024,1280,0.0,2.0,1.9325,1546.0,./mice_hc/train,train,animal,Mice HC
243,./mice_hc/train/20200111_USVpairs_court22_M4_F2_top-01112020181932-0000@1643.mp4,./mice_hc/train/20200111_USVpairs_court22_M4_F2_top-01112020181932-0000@1643.slp,2,800,1024,1280,1.0,2.0,1.99875,1599.0,./mice_hc/train,train,animal,Mice HC
244,./mice_hc/train/20200111_USVpairs_court22_M4_F2_top-01112020181932-0000@2732.mp4,./mice_hc/train/20200111_USVpairs_court22_M4_F2_top-01112020181932-0000@2732.slp,2,800,1024,1280,0.0,2.0,1.99,1592.0,./mice_hc/train,train,animal,Mice HC
245,./mice_hc/train/20200111_USVpairs_court24_M5_F2_top-01112020183914-0000@8438.mp4,./mice_hc/train/20200111_USVpairs_court24_M5_F2_top-01112020183914-0000@8438.slp,2,800,1024,1280,1.0,2.0,1.9975,1598.0,./mice_hc/train,train,animal,Mice HC
246,./mice_hc/train/20200111_USVpairs_court26_M1_F3_top-01112020192442-0000@11392.mp4,./mice_hc/train/20200111_USVpairs_court26_M1_F3_top-01112020192442-0000@11392.slp,2,800,1024,1280,0.0,2.0,1.939924906132665,1550.0,./mice_hc/train,train,animal,Mice HC
247,./mice_hc/train/20200111_USVpairs_court26_M1_F3_top-01112020192442-0000@1783.mp4,./mice_hc/train/20200111_USVpairs_court26_M1_F3_top-01112020192442-0000@1783.slp,2,800,1024,1280,0.0,2.0,1.9360902255639096,1545.0,./mice_hc/train,train,animal,Mice HC
248,./mice_hc/train/20200111_USVpairs_court26_M1_F3_top-01112020192442-0000@7101.mp4,./mice_hc/train/20200111_USVpairs_court26_M1_F3_top-01112020192442-0000@7101.slp,2,800,1024,1280,0.0,2.0,1.933080808080808,1531.0,./mice_hc/train,train,animal,Mice HC
249,./mice_hc/train/20200111_USVpairs_court26_M1_F3_top-01112020192442-0000@7520.mp4,./mice_hc/train/20200111_USVpairs_court26_M1_F3_top-01112020192442-0000@7520.slp,2,800,1024,1280,0.0,2.0,1.9799749687108883,1582.0,./mice_hc/train,train,animal,Mice HC
250,./mice_hc/train/20200111_USVpairs_court26_M1_F3_top-01112020192442-0000@777.mp4,./mice_hc/train/20200111_USVpairs_court26_M1_F3_top-01112020192442-0000@777.slp,2,800,1024,1280,0.0,2.0,1.9084065244667503,1521.0,./mice_hc/train,train,animal,Mice HC
251,./mice_hc/train/20200111_USVpairs_court28_M2_F3_top-01112020193928-0000@3666.mp4,./mice_hc/train/20200111_USVpairs_court28_M2_F3_top-01112020193928-0000@3666.slp,2,800,1024,1280,0.0,2.0,1.94125,1553.0,./mice_hc/train,train,animal,Mice HC
252,./mice_hc/train/20200111_USVpairs_court28_M2_F3_top-01112020193928-0000@8413.mp4,./mice_hc/train/20200111_USVpairs_court28_M2_F3_top-01112020193928-0000@8413.slp,2,800,1024,1280,0.0,2.0,1.96356783919598,1563.0,./mice_hc/train,train,animal,Mice HC
253,./mice_hc/train/20200111_USVpairs_court29_M3_F3_top-01112020194645-0000@9862.mp4,./mice_hc/train/20200111_USVpairs_court29_M3_F3_top-01112020194645-0000@9862.slp,2,800,1024,1280,1.0,2.0,1.947368421052632,1554.0,./mice_hc/train,train,animal,Mice HC
254,./mice_hc/train/20200111_USVpairs_court30_M3_F3_top-01112020195357-0000@1053.mp4,./mice_hc/train/20200111_USVpairs_court30_M3_F3_top-01112020195357-0000@1053.slp,2,800,1024,1280,0.0,2.0,1.764,1323.0,./mice_hc/train,train,animal,Mice HC
255,./mice_hc/train/20200111_USVpairs_court30_M3_F3_top-01112020195357-0000@3814.mp4,./mice_hc/train/20200111_USVpairs_court30_M3_F3_top-01112020195357-0000@3814.slp,2,800,1024,1280,1.0,2.0,1.907810499359795,1490.0,./mice_hc/train,train,animal,Mice HC
256,./mice_hc/train/20200111_USVpairs_court32_M4_F3_top-01112020200909-0000@2131.mp4,./mice_hc/train/20200111_USVpairs_court32_M4_F3_top-01112020200909-0000@2131.slp,2,800,1024,1280,1.0,2.0,1.9899117276166456,1578.0,./mice_hc/train,train,animal,Mice HC
257,./mice_hc/train/20200111_USVpairs_court32_M4_F3_top-01112020200909-0000@3516.mp4,./mice_hc/train/20200111_USVpairs_court32_M4_F3_top-01112020200909-0000@3516.slp,2,800,1024,1280,0.0,2.0,1.917737789203085,1492.0,./mice_hc/train,train,animal,Mice HC
258,./mice_hc/train/20200111_USVpairs_court33_M5_F3_top-01112020202009-0000@9310.mp4,./mice_hc/train/20200111_USVpairs_court33_M5_F3_top-01112020202009-0000@9310.slp,2,800,1024,1280,0.0,2.0,1.7558479532163742,1201.0,./mice_hc/train,train,animal,Mice HC
259,./mice_hc/train/20200111_USVpairs_court35_M1_F4_top-01112020204324-0000@3515.mp4,./mice_hc/train/20200111_USVpairs_court35_M1_F4_top-01112020204324-0000@3515.slp,2,800,1024,1280,0.0,2.0,1.932330827067669,1542.0,./mice_hc/train,train,animal,Mice HC
260,./mice_hc/train/20200111_USVpairs_court35_M1_F4_top-01112020204324-0000@6922.mp4,./mice_hc/train/20200111_USVpairs_court35_M1_F4_top-01112020204324-0000@6922.slp,2,800,1024,1280,1.0,2.0,1.96875,1575.0,./mice_hc/train,train,animal,Mice HC
261,./mice_hc/train/20200111_USVpairs_court40_M3_F4_top-01112020212022-0000@11342.mp4,./mice_hc/train/20200111_USVpairs_court40_M3_F4_top-01112020212022-0000@11342.slp,2,800,1024,1280,1.0,2.0,1.9975,1598.0,./mice_hc/train,train,animal,Mice HC
262,./mice_hc/train/20200111_USVpairs_court40_M3_F4_top-01112020212022-0000@637.mp4,./mice_hc/train/20200111_USVpairs_court40_M3_F4_top-01112020212022-0000@637.slp,2,800,1024,1280,0.0,2.0,1.8339818417639429,1414.0,./mice_hc/train,train,animal,Mice HC
263,./mice_hc/train/20200111_USVpairs_court41_M4_F4_top-01112020212813-0000@2065.mp4,./mice_hc/train/20200111_USVpairs_court41_M4_F4_top-01112020212813-0000@2065.slp,2,800,1024,1280,0.0,2.0,1.9724310776942355,1574.0,./mice_hc/train,train,animal,Mice HC
264,./mice_hc/val/20200111_USVpairs_court41_M4_F4_top-01112020212813-0000@3683.mp4,./mice_hc/val/20200111_USVpairs_court41_M4_F4_top-01112020212813-0000@3683.slp,2,800,1024,1280,0.0,2.0,1.9065656565656568,1510.0,./mice_hc/val,val,animal,Mice HC
265,./mice_hc/val/20200111_USVpairs_court8_M2_F1_top-01112020160818-0000@11168.mp4,./mice_hc/val/20200111_USVpairs_court8_M2_F1_top-01112020160818-0000@11168.slp,2,800,1024,1280,0.0,2.0,1.86875,1495.0,./mice_hc/val,val,animal,Mice HC
266,./mice_hc/val/20200111_USVpairs_court9_M3_F1_top-01112020161649-0000@7598.mp4,./mice_hc/val/20200111_USVpairs_court9_M3_F1_top-01112020161649-0000@7598.slp,2,800,1024,1280,2.0,2.0,2.0,1600.0,./mice_hc/val,val,animal,Mice HC
267,./mice_hc/test/20200111_USVpairs_court1_M1_F1_top-01112020145828-0000@0-2560.mp4,./mice_hc/test/20200111_USVpairs_court1_M1_F1_top-01112020145828-0000@0-2560.slp,2,2560,1024,1280,0.0,2.0,1.984375,5080.0,./mice_hc/test,test,animal,Mice HC
268,./slap/train/top-10072022120554-0000_h265_CRF12_denoised.mp4,./slap/train/top-10072022120554-0000_h265_CRF30_denoised.mp4.predictions.proofread.slp,1,18050,1024,1280,0.0,1.0,0.999612188365651,18043.0,./slap/train,train,animal,SLAP
269,./slap/train/top-10072022130420-0000_h265_CRF12_denoised.mp4,./slap/train/top-10072022130420-0000_h265_CRF30_denoised.mp4.predictions.proofread.slp,1,18125,1024,1280,1.0,1.0,1.0,18125.0,./slap/train,train,animal,SLAP
270,./slap/train/top-10072022135851-0000_h265_CRF12_denoised.mp4,./slap/train/top-10072022135851-0000_h265_CRF30_denoised.mp4.predictions.proofread.slp,2,18017,1024,1280,1.0,2.0,1.993561636232447,35918.0,./slap/train,train,animal,SLAP
271,./slap/train/top-10072022140918-0000_h265_CRF12_denoised.mp4,./slap/train/top-10072022140918-0000_h265_CRF30_denoised.mp4.predictions.proofread.slp,2,18510,1024,1280,1.0,2.0,1.9777417612101569,36608.0,./slap/train,train,animal,SLAP
272,./slap/train/top-10072022142111-0000_h265_CRF12_denoised.mp4,./slap/train/top-10072022142111-0000_h265_CRF30_denoised.mp4.predictions.proofread.slp,3,18219,1024,1280,1.0,3.0,2.7641473187331904,50360.0,./slap/train,train,animal,SLAP
273,./slap/train/top-10072022143153-0000_h265_CRF12_denoised.mp4,./slap/train/top-10072022143153-0000_h265_CRF30_denoised.mp4.predictions.proofread.slp,3,18058,1024,1280,1.0,3.0,2.8967770517222284,52310.0,./slap/train,train,animal,SLAP
274,./slap/train/top-10072022144215-0000_h265_CRF12_denoised.mp4,./slap/train/top-10072022144215-0000_h265_CRF30_denoised.mp4.predictions.proofread.slp,3,18082,1024,1280,1.0,3.0,2.8239035451579007,51059.0,./slap/train,train,animal,SLAP
275,./slap/train/top-10072022145420-0000_h265_CRF12_denoised.mp4,./slap/train/top-10072022145420-0000_h265_CRF30_denoised.mp4.predictions.proofread.slp,4,18255,1024,1280,2.0,4.0,3.8058614078334703,69476.0,./slap/train,train,animal,SLAP
276,./slap/train/top-10072022150448-0000_h265_CRF12_denoised.mp4,./slap/train/top-10072022150448-0000_h265_CRF30_denoised.mp4.predictions.proofread.slp,4,19142,1024,1280,1.0,4.0,3.78001253787483,72357.0,./slap/train,train,animal,SLAP
277,./slap/train/top-10072022151549-0000_h265_CRF12_denoised.mp4,./slap/train/top-10072022151549-0000_h265_CRF30_denoised.mp4.predictions.proofread.slp,4,18200,1024,1280,2.0,4.0,3.907912087912088,71124.0,./slap/train,train,animal,SLAP
278,./slap/train/top-10072022190807-0000_h265_CRF12_denoised.mp4,./slap/train/top-10072022190807-0000_h265_CRF30_denoised.mp4.predictions.proofread.slp,3,18221,1024,1280,1.0,3.0,2.5717425949332307,46798.0,./slap/train,train,animal,SLAP
279,./slap/val/top-10072022121750-0000_h265_CRF12_denoised.mp4,./slap/val/top-10072022121750-0000_h265_CRF30_denoised.mp4.predictions.proofread.slp,1,18217,1024,1280,1.0,1.0,1.0,18217.0,./slap/val,val,animal,SLAP
280,./slap/val/top-10072022122913-0000_h265_CRF12_denoised.mp4,./slap/val/top-10072022122913-0000_h265_CRF30_denoised.mp4.predictions.proofread.slp,1,19730,1024,1280,1.0,1.0,1.0,19730.0,./slap/val,val,animal,SLAP
281,./slap/test/top-10072022131531-0000_h265_CRF12_denoised.mp4,./slap/test/top-10072022131531-0000_h265_CRF30_denoised.mp4.predictions.proofread.slp,2,18036,1024,1280,1.0,2.0,1.9625748502994007,35397.0,./slap/test,test,animal,SLAP
282,./slap/test/top-10072022134804-0000_h265_CRF12_denoised.mp4,./slap/test/top-10072022134804-0000_h265_CRF30_denoised.mp4.predictions.proofread.slp,2,18150,1024,1280,1.0,2.0,1.9110743801652887,34686.0,./slap/test,test,animal,SLAP
283,./slap/test/top-10192022175658-0000_h265_CRF12_denoised.mp4,./slap/test/top-10192022175658-0000_h265_CRF30_denoised.mp4.predictions.proofread.slp,2,9665,1024,1280,1.0,2.0,1.9670977754785308,19012.0,./slap/test,test,animal,SLAP
284,./slap/test/top-10302022035407-0000_h265_10bit_CRF12_denoised.mp4,./slap/test/top-10302022035407-0000_h265_10bit_CRF30_denoised.mp4.predictions.proofread.slp,2,9042,1024,1280,0.0,2.0,1.816290393979637,16412.0,./slap/test,test,animal,SLAP
285,./flies13/four_flies/train/four_flies@1000-11000_sample_0_126_1626.mp4,./flies13/four_flies/train/four_flies@1000-11000_sample_0_126_1626.slp,4,1500,1024,1024,4.0,4.0,4.0,6000.0,./flies13/four_flies/train,train,animal,Flies 13
286,./flies13/four_flies/train/four_flies@1000-11000_sample_0_5062_6562.mp4,./flies13/four_flies/train/four_flies@1000-11000_sample_0_5062_6562.slp,4,1500,1024,1024,4.0,4.0,4.0,6000.0,./flies13/four_flies/train,train,animal,Flies 13
287,./flies13/four_flies/val/four_flies@1000-11000_sample_0_1733_3233.mp4,./flies13/four_flies/val/four_flies@1000-11000_sample_0_1733_3233.slp,4,1500,1024,1024,4.0,4.0,4.0,6000.0,./flies13/four_flies/val,val,animal,Flies 13
288,./flies13/four_flies/val/four_flies@1000-11000_sample_0_6822_8322.mp4,./flies13/four_flies/val/four_flies@1000-11000_sample_0_6822_8322.slp,4,1500,1024,1024,4.0,4.0,4.0,6000.0,./flies13/four_flies/val,val,animal,Flies 13
289,./flies13/four_flies/test/four_flies@1000-11000_sample_0_3465_4965.mp4,./flies13/four_flies/test/four_flies@1000-11000_sample_0_3465_4965.slp,4,1500,1024,1024,4.0,4.0,4.0,6000.0,./flies13/four_flies/test,test,animal,Flies 13
290,./flies13/four_flies/test/four_flies@1000-11000_sample_0_8397_9897.mp4,./flies13/four_flies/test/four_flies@1000-11000_sample_0_8397_9897.slp,4,1500,1024,1024,4.0,4.0,4.0,6000.0,./flies13/four_flies/test,test,animal,Flies 13
291,/Volumes/talmodata/datasets/mot/animal/sleap/benchmarks/flies13/consolidated/train/ight_flies@180000-200000_sample_0_10453_12953.mp4,./flies13/eight_flies/train/eight_flies@180000-200000_sample_0_10453_12953.slp,8,2500,0,0,8.0,8.0,8.0,20000.0,./flies13/eight_flies/train,train,animal,Flies 13
292,/Volumes/talmodata/datasets/mot/animal/sleap/benchmarks/flies13/consolidated/train/ight_flies@180000-200000_sample_0_639_3139.mp4,./flies13/eight_flies/train/eight_flies@180000-200000_sample_0_639_3139.slp,8,2500,0,0,8.0,8.0,8.0,20000.0,./flies13/eight_flies/train,train,animal,Flies 13
293,/Volumes/talmodata/datasets/mot/animal/sleap/benchmarks/flies13/consolidated/val/ight_flies@180000-200000_sample_0_13860_16360.mp4,./flies13/eight_flies/val/eight_flies@180000-200000_sample_0_13860_16360.slp,8,2500,0,0,8.0,8.0,8.0,20000.0,./flies13/eight_flies/val,val,animal,Flies 13
294,/Volumes/talmodata/datasets/mot/animal/sleap/benchmarks/flies13/consolidated/val/ight_flies@180000-200000_sample_0_3830_6330.mp4,./flies13/eight_flies/val/eight_flies@180000-200000_sample_0_3830_6330.slp,8,2500,0,0,8.0,8.0,8.0,20000.0,./flies13/eight_flies/val,val,animal,Flies 13
295,./flies13/eight_flies/test/eight_flies@180000-200000_sample_0_16704_19204.mp4,./flies13/eight_flies/test/eight_flies@180000-200000_sample_0_16704_19204.slp,8,2500,1024,1024,8.0,8.0,8.0,20000.0,./flies13/eight_flies/test,test,animal,Flies 13
296,./flies13/eight_flies/test/eight_flies@180000-200000_sample_0_6887_9387.mp4,./flies13/eight_flies/test/eight_flies@180000-200000_sample_0_6887_9387.slp,8,2500,1024,1024,8.0,8.0,8.0,20000.0,./flies13/eight_flies/test,test,animal,Flies 13
297,./flies13/two-flies-all/train/190612_110405_wt_18159111_rig2.2@11730.mp4,./flies13/two-flies-all/train/190612_110405_wt_18159111_rig2.2@11730.slp,2,1500,1024,1024,2.0,2.0,2.0,3000.0,./flies13/two-flies-all/train,train,animal,Flies 13
298,./flies13/two-flies-all/train/190612_110405_wt_18159111_rig2.2@4427.mp4,./flies13/two-flies-all/train/190612_110405_wt_18159111_rig2.2@4427.slp,2,1500,1024,1024,1.0,2.0,1.9993333333333327,2999.0,./flies13/two-flies-all/train,train,animal,Flies 13
299,./flies13/two-flies-all/train/190612_110953_wt_18159112_rig3.2@0.mp4,./flies13/two-flies-all/train/190612_110953_wt_18159112_rig3.2@0.slp,2,1500,1024,1024,1.0,2.0,1.9993333333333327,2999.0,./flies13/two-flies-all/train,train,animal,Flies 13
300,./flies13/two-flies-all/train/190612_110953_wt_18159112_rig3.2@15502.mp4,./flies13/two-flies-all/train/190612_110953_wt_18159112_rig3.2@15502.slp,2,1500,1024,1024,1.0,2.0,1.9986666666666664,2998.0,./flies13/two-flies-all/train,train,animal,Flies 13
301,./flies13/two-flies-all/train/190612_110953_wt_18159112_rig3.2@64874.mp4,./flies13/two-flies-all/train/190612_110953_wt_18159112_rig3.2@64874.slp,2,1500,1024,1024,2.0,2.0,2.0,3000.0,./flies13/two-flies-all/train,train,animal,Flies 13
302,./flies13/two-flies-all/train/190612_110953_wt_18159112_rig3.2@8014.mp4,./flies13/two-flies-all/train/190612_110953_wt_18159112_rig3.2@8014.slp,2,1500,1024,1024,1.0,2.0,1.9993333333333327,2999.0,./flies13/two-flies-all/train,train,animal,Flies 13
303,./flies13/two-flies-all/train/190718_110328_wt_18159203_rig3.1@181585.mp4,./flies13/two-flies-all/train/190718_110328_wt_18159203_rig3.1@181585.slp,2,1500,1024,1024,1.0,2.0,1.9973333333333327,2996.0,./flies13/two-flies-all/train,train,animal,Flies 13
304,./flies13/two-flies-all/train/190718_110328_wt_18159203_rig3.1@20854.mp4,./flies13/two-flies-all/train/190718_110328_wt_18159203_rig3.1@20854.slp,2,1500,1024,1024,1.0,2.0,1.9993333333333327,2999.0,./flies13/two-flies-all/train,train,animal,Flies 13
305,./flies13/two-flies-all/train/190718_110328_wt_18159203_rig3.1@212623.mp4,./flies13/two-flies-all/train/190718_110328_wt_18159203_rig3.1@212623.slp,2,1500,1024,1024,1.0,2.0,1.9993333333333327,2999.0,./flies13/two-flies-all/train,train,animal,Flies 13
306,./flies13/two-flies-all/train/190718_110328_wt_18159203_rig3.1@215375.mp4,./flies13/two-flies-all/train/190718_110328_wt_18159203_rig3.1@215375.slp,2,1500,1024,1024,1.0,2.0,1.9993333333333327,2999.0,./flies13/two-flies-all/train,train,animal,Flies 13
307,./flies13/two-flies-all/train/190718_110328_wt_18159203_rig3.1@264741.mp4,./flies13/two-flies-all/train/190718_110328_wt_18159203_rig3.1@264741.slp,2,1500,1024,1024,1.0,2.0,1.9993333333333327,2999.0,./flies13/two-flies-all/train,train,animal,Flies 13
308,./flies13/two-flies-all/train/190723_103019_wt_18159111_rig2.2@41062.mp4,./flies13/two-flies-all/train/190723_103019_wt_18159111_rig2.2@41062.slp,2,1500,1024,1024,2.0,2.0,2.0,3000.0,./flies13/two-flies-all/train,train,animal,Flies 13
309,./flies13/two-flies-all/train/190724_103703_wt_18159111_rig2.2@214708.mp4,./flies13/two-flies-all/train/190724_103703_wt_18159111_rig2.2@214708.slp,2,1500,1024,1024,2.0,2.0,2.0,3000.0,./flies13/two-flies-all/train,train,animal,Flies 13
310,./flies13/two-flies-all/train/190724_112554_wt_18159211_rig1.1@201.mp4,./flies13/two-flies-all/train/190724_112554_wt_18159211_rig1.1@201.slp,2,1500,1024,1024,1.0,2.0,1.998,2997.0,./flies13/two-flies-all/train,train,animal,Flies 13
311,./flies13/two-flies-all/train/190724_112816_wt_18159111_rig2.2@32505.mp4,./flies13/two-flies-all/train/190724_112816_wt_18159111_rig2.2@32505.slp,2,1500,1024,1024,1.0,2.0,1.9973333333333327,2996.0,./flies13/two-flies-all/train,train,animal,Flies 13
312,./flies13/two-flies-all/train/190724_112816_wt_18159111_rig2.2@3596.mp4,./flies13/two-flies-all/train/190724_112816_wt_18159111_rig2.2@3596.slp,2,1500,1024,1024,2.0,2.0,2.0,3000.0,./flies13/two-flies-all/train,train,animal,Flies 13
313,./flies13/two-flies-all/train/190724_112816_wt_18159111_rig2.2@9355.mp4,./flies13/two-flies-all/train/190724_112816_wt_18159111_rig2.2@9355.slp,2,1500,1024,1024,1.0,2.0,1.9993333333333327,2999.0,./flies13/two-flies-all/train,train,animal,Flies 13
314,./flies13/two-flies-all/train/190724_125308_wt_18159206_rig1.2@6536.mp4,./flies13/two-flies-all/train/190724_125308_wt_18159206_rig1.2@6536.slp,2,1500,1024,1024,1.0,2.0,1.9993333333333327,2999.0,./flies13/two-flies-all/train,train,animal,Flies 13
315,./flies13/two-flies-all/train/190724_125545_wt_18159111_rig2.2@21327.mp4,./flies13/two-flies-all/train/190724_125545_wt_18159111_rig2.2@21327.slp,2,1500,1024,1024,1.0,2.0,1.9993333333333327,2999.0,./flies13/two-flies-all/train,train,animal,Flies 13
316,./flies13/two-flies-all/train/190724_125545_wt_18159111_rig2.2@2179.mp4,./flies13/two-flies-all/train/190724_125545_wt_18159111_rig2.2@2179.slp,2,1500,1024,1024,1.0,2.0,1.998,2997.0,./flies13/two-flies-all/train,train,animal,Flies 13
317,./flies13/two-flies-all/train/190724_125545_wt_18159111_rig2.2@88635.mp4,./flies13/two-flies-all/train/190724_125545_wt_18159111_rig2.2@88635.slp,2,1500,1024,1024,2.0,2.0,2.0,3000.0,./flies13/two-flies-all/train,train,animal,Flies 13
318,./flies13/two-flies-all/train/190726_112011_wt_18159211_rig1.1@177322.mp4,./flies13/two-flies-all/train/190726_112011_wt_18159211_rig1.1@177322.slp,2,1500,1024,1024,1.0,2.0,1.9993333333333327,2999.0,./flies13/two-flies-all/train,train,animal,Flies 13
319,./flies13/two-flies-all/train/190726_112226_wt_16276625_rig2.1@4905.mp4,./flies13/two-flies-all/train/190726_112226_wt_16276625_rig2.1@4905.slp,2,1500,1024,1024,2.0,2.0,2.0,3000.0,./flies13/two-flies-all/train,train,animal,Flies 13
320,./flies13/two-flies-all/train/190729_103110_wt_18159203_rig3.1@183019.mp4,./flies13/two-flies-all/train/190729_103110_wt_18159203_rig3.1@183019.slp,2,1500,1024,1024,1.0,2.0,1.99,2985.0,./flies13/two-flies-all/train,train,animal,Flies 13
321,./flies13/two-flies-all/train/190729_103110_wt_18159203_rig3.1@199871.mp4,./flies13/two-flies-all/train/190729_103110_wt_18159203_rig3.1@199871.slp,2,1500,1024,1024,1.0,2.0,1.996,2994.0,./flies13/two-flies-all/train,train,animal,Flies 13
322,./flies13/two-flies-all/train/190729_103110_wt_18159203_rig3.1@85787.mp4,./flies13/two-flies-all/train/190729_103110_wt_18159203_rig3.1@85787.slp,2,1500,1024,1024,1.0,2.0,1.988,2982.0,./flies13/two-flies-all/train,train,animal,Flies 13
323,./flies13/two-flies-all/train/190729_105826_wt_18159211_rig1.1@246382.mp4,./flies13/two-flies-all/train/190729_105826_wt_18159211_rig1.1@246382.slp,2,1500,1024,1024,2.0,2.0,2.0,3000.0,./flies13/two-flies-all/train,train,animal,Flies 13
324,./flies13/two-flies-all/train/190806_113708_wt_16276625_rig2.1@24317.mp4,./flies13/two-flies-all/train/190806_113708_wt_16276625_rig2.1@24317.slp,2,1500,1024,1024,1.0,2.0,1.9986666666666664,2998.0,./flies13/two-flies-all/train,train,animal,Flies 13
325,./flies13/two-flies-all/train/190806_114054_wt_18159206_rig1.2@10927.mp4,./flies13/two-flies-all/train/190806_114054_wt_18159206_rig1.2@10927.slp,2,1500,1024,1024,1.0,2.0,1.9973333333333327,2996.0,./flies13/two-flies-all/train,train,animal,Flies 13
326,./flies13/two-flies-all/train/190806_114054_wt_18159206_rig1.2@110924.mp4,./flies13/two-flies-all/train/190806_114054_wt_18159206_rig1.2@110924.slp,2,1500,1024,1024,1.0,2.0,1.9993333333333327,2999.0,./flies13/two-flies-all/train,train,animal,Flies 13
327,./flies13/two-flies-all/train/190806_114054_wt_18159211_rig1.1@1243.mp4,./flies13/two-flies-all/train/190806_114054_wt_18159211_rig1.1@1243.slp,2,1500,1024,1024,1.0,2.0,1.9866666666666664,2980.0,./flies13/two-flies-all/train,train,animal,Flies 13
328,./flies13/two-flies-all/train/190806_114054_wt_18159211_rig1.1@52720.mp4,./flies13/two-flies-all/train/190806_114054_wt_18159211_rig1.1@52720.slp,2,1500,1024,1024,2.0,2.0,2.0,3000.0,./flies13/two-flies-all/train,train,animal,Flies 13
329,./flies13/two-flies-all/train/190806_121731_wt_18159203_rig3.1@181871.mp4,./flies13/two-flies-all/train/190806_121731_wt_18159203_rig3.1@181871.slp,2,1500,1024,1024,1.0,2.0,1.998,2997.0,./flies13/two-flies-all/train,train,animal,Flies 13
330,./flies13/two-flies-all/train/190806_121731_wt_18159203_rig3.1@183786.mp4,./flies13/two-flies-all/train/190806_121731_wt_18159203_rig3.1@183786.slp,2,1500,1024,1024,1.0,2.0,1.9986666666666664,2998.0,./flies13/two-flies-all/train,train,animal,Flies 13
331,./flies13/two-flies-all/train/190806_121731_wt_18159203_rig3.1@36925.mp4,./flies13/two-flies-all/train/190806_121731_wt_18159203_rig3.1@36925.slp,2,1500,1024,1024,1.0,2.0,1.9986666666666664,2998.0,./flies13/two-flies-all/train,train,animal,Flies 13
332,./flies13/two-flies-all/train/190807_111227_wt_18159112_rig3.2@8187.mp4,./flies13/two-flies-all/train/190807_111227_wt_18159112_rig3.2@8187.slp,2,1500,1024,1024,2.0,2.0,2.0,3000.0,./flies13/two-flies-all/train,train,animal,Flies 13
333,./flies13/two-flies-all/train/190807_121937_wt_18159211_rig1.1@3008.mp4,./flies13/two-flies-all/train/190807_121937_wt_18159211_rig1.1@3008.slp,2,1500,1024,1024,1.0,2.0,1.9973333333333327,2996.0,./flies13/two-flies-all/train,train,animal,Flies 13
334,./flies13/two-flies-all/train/190807_122616_wt_18159112_rig3.2@17353.mp4,./flies13/two-flies-all/train/190807_122616_wt_18159112_rig3.2@17353.slp,2,1500,1024,1024,1.0,2.0,1.9986666666666664,2998.0,./flies13/two-flies-all/train,train,animal,Flies 13
335,./flies13/two-flies-all/train/190807_122616_wt_18159112_rig3.2@19456.mp4,./flies13/two-flies-all/train/190807_122616_wt_18159112_rig3.2@19456.slp,2,1500,1024,1024,2.0,2.0,2.0,3000.0,./flies13/two-flies-all/train,train,animal,Flies 13
336,./flies13/two-flies-all/train/190808_112943_wt_16276625_rig2.1@181059.mp4,./flies13/two-flies-all/train/190808_112943_wt_16276625_rig2.1@181059.slp,2,1500,1024,1024,1.0,2.0,1.9993333333333327,2999.0,./flies13/two-flies-all/train,train,animal,Flies 13
337,./flies13/two-flies-all/train/190808_112943_wt_16276625_rig2.1@98051.mp4,./flies13/two-flies-all/train/190808_112943_wt_16276625_rig2.1@98051.slp,2,1500,1024,1024,1.0,2.0,1.9986666666666664,2998.0,./flies13/two-flies-all/train,train,animal,Flies 13
338,./flies13/two-flies-all/train/190816_110302_wt_18159206_rig1.2@264892.mp4,./flies13/two-flies-all/train/190816_110302_wt_18159206_rig1.2@264892.slp,2,1500,1024,1024,1.0,2.0,1.9986666666666664,2998.0,./flies13/two-flies-all/train,train,animal,Flies 13
339,./flies13/two-flies-all/test/190719_090330_wt_18159206_rig1.2@15000-17560.mp4,./flies13/two-flies-all/test/190719_090330_wt_18159206_rig1.2@15000-17560.slp,2,2560,1024,1024,2.0,2.0,2.0,5120.0,./flies13/two-flies-all/test,test,animal,Flies 13
340,./flies13/two-flies-all/val/190830_172035_wt_16276625_rig2.1@114487.mp4,./flies13/two-flies-all/val/190830_172035_wt_16276625_rig2.1@114487.slp,2,1500,1024,1024,1.0,2.0,1.9993333333333327,2999.0,./flies13/two-flies-all/val,val,animal,Flies 13
341,./flies13/two-flies-all/val/190830_172035_wt_16276625_rig2.1@225139.mp4,./flies13/two-flies-all/val/190830_172035_wt_16276625_rig2.1@225139.slp,2,1500,1024,1024,1.0,2.0,1.9986666666666664,2998.0,./flies13/two-flies-all/val,val,animal,Flies 13
342,./flies13/two-flies-all/val/testing.1558710721.28_wt_16276625_rig2.1@29727.mp4,./flies13/two-flies-all/val/testing.1558710721.28_wt_16276625_rig2.1@29727.slp,2,1500,1024,1024,1.0,2.0,1.9873333333333327,2981.0,./flies13/two-flies-all/val,val,animal,Flies 13
343,./zebrafish10/train/train_labels.group1.centroids_sample_1_11224_12724.mp4,./zebrafish10/train/train_labels.group1.centroids_sample_1_11224_12724.slp,10,1500,3712,3712,10.0,10.0,10.0,15000.0,./zebrafish10/train,train,animal,Zebrafish10
344,./zebrafish10/train/train_labels.group1.centroids_sample_1_241_1741.mp4,./zebrafish10/train/train_labels.group1.centroids_sample_1_241_1741.slp,10,1500,3712,3712,10.0,10.0,10.0,15000.0,./zebrafish10/train,train,animal,Zebrafish10
345,./zebrafish10/train/train_labels.group2.centroids_sample_0_10807_12307.mp4,./zebrafish10/train/train_labels.group2.centroids_sample_0_10807_12307.slp,10,1500,3712,3712,10.0,10.0,10.0,15000.0,./zebrafish10/train,train,animal,Zebrafish10
346,./zebrafish10/train/train_labels.group2.centroids_sample_0_714_2214.mp4,./zebrafish10/train/train_labels.group2.centroids_sample_0_714_2214.slp,10,1500,3712,3712,10.0,10.0,10.0,15000.0,./zebrafish10/train,train,animal,Zebrafish10
347,./zebrafish10/train/val_labels.group3.centroids_sample_2_11070_12570.mp4,./zebrafish10/train/val_labels.group3.centroids_sample_2_11070_12570.slp,10,1500,3712,3712,10.0,10.0,10.0,15000.0,./zebrafish10/train,train,animal,Zebrafish10
348,./zebrafish10/train/val_labels.group3.centroids_sample_2_691_2191.mp4,./zebrafish10/train/val_labels.group3.centroids_sample_2_691_2191.slp,10,1500,3712,3712,10.0,10.0,10.0,15000.0,./zebrafish10/train,train,animal,Zebrafish10
349,./zebrafish10/val/train_labels.group1.centroids_sample_1_13842_15342.mp4,./zebrafish10/val/train_labels.group1.centroids_sample_1_13842_15342.slp,10,1500,3712,3712,10.0,10.0,10.0,15000.0,./zebrafish10/val,val,animal,Zebrafish10
350,./zebrafish10/val/train_labels.group1.centroids_sample_1_4924_6424.mp4,./zebrafish10/val/train_labels.group1.centroids_sample_1_4924_6424.slp,10,1500,3712,3712,10.0,10.0,10.0,15000.0,./zebrafish10/val,val,animal,Zebrafish10
351,./zebrafish10/val/train_labels.group2.centroids_sample_0_13320_14820.mp4,./zebrafish10/val/train_labels.group2.centroids_sample_0_13320_14820.slp,10,1500,3712,3712,10.0,10.0,10.0,15000.0,./zebrafish10/val,val,animal,Zebrafish10
352,./zebrafish10/val/train_labels.group2.centroids_sample_0_4502_6002.mp4,./zebrafish10/val/train_labels.group2.centroids_sample_0_4502_6002.slp,10,1500,3712,3712,10.0,10.0,10.0,15000.0,./zebrafish10/val,val,animal,Zebrafish10
353,./zebrafish10/val/val_labels.group3.centroids_sample_2_13032_14532.mp4,./zebrafish10/val/val_labels.group3.centroids_sample_2_13032_14532.slp,10,1500,3712,3712,10.0,10.0,10.0,15000.0,./zebrafish10/val,val,animal,Zebrafish10
354,./zebrafish10/val/val_labels.group3.centroids_sample_2_4309_5809.mp4,./zebrafish10/val/val_labels.group3.centroids_sample_2_4309_5809.slp,10,1500,3712,3712,10.0,10.0,10.0,15000.0,./zebrafish10/val,val,animal,Zebrafish10
355,./zebrafish10/test/train_labels.group1.centroids_sample_1_17032_18532.mp4,./zebrafish10/test/train_labels.group1.centroids_sample_1_17032_18532.slp,10,1500,3712,3712,10.0,10.0,10.0,15000.0,./zebrafish10/test,test,animal,Zebrafish10
356,./zebrafish10/test/train_labels.group1.centroids_sample_1_6952_8452.mp4,./zebrafish10/test/train_labels.group1.centroids_sample_1_6952_8452.slp,10,1500,3712,3712,10.0,10.0,10.0,15000.0,./zebrafish10/test,test,animal,Zebrafish10
357,./zebrafish10/test/train_labels.group2.centroids_sample_0_16148_17648.mp4,./zebrafish10/test/train_labels.group2.centroids_sample_0_16148_17648.slp,10,1500,3712,3712,10.0,10.0,10.0,15000.0,./zebrafish10/test,test,animal,Zebrafish10
358,./zebrafish10/test/train_labels.group2.centroids_sample_0_6738_8238.mp4,./zebrafish10/test/train_labels.group2.centroids_sample_0_6738_8238.slp,10,1500,3712,3712,10.0,10.0,10.0,15000.0,./zebrafish10/test,test,animal,Zebrafish10
359,./zebrafish10/test/val_labels.group3.centroids_sample_2_16736_18236.mp4,./zebrafish10/test/val_labels.group3.centroids_sample_2_16736_18236.slp,10,1500,3712,3712,10.0,10.0,10.0,15000.0,./zebrafish10/test,test,animal,Zebrafish10
360,./zebrafish10/test/val_labels.group3.centroids_sample_2_7027_8527.mp4,./zebrafish10/test/val_labels.group3.centroids_sample_2_7027_8527.slp,10,1500,3712,3712,9.0,10.0,9.998,14997.0,./zebrafish10/test,test,animal,Zebrafish10
